id	text	property	subject	object
0	of George II of Great Britain and Caroline of Ansbach	http://dbpedia.org/ontology/parent	http://dbpedia.org/resource/Louise_of_Great_Britain	http://dbpedia.org/resource/Caroline_of_Ansbach
1	Mastroianni and Catherine Deneuve	http://dbpedia.org/ontology/parent	http://dbpedia.org/resource/Chiara_Mastroianni	http://dbpedia.org/resource/Catherine_Deneuve
2	Francis III of Brittany (Breton: Frañsez; French: François; 28 February 1518, in Amboise – 10 August 1536) was Duke of Brittany and Dauphin of Viennois as the first son and heir of King Francis I of France	http://dbpedia.org/ontology/parent	http://dbpedia.org/resource/Francis_III,_Duke_of_Brittany	http://dbpedia.org/resource/Francis_I_of_France
3	Princess Margaret, Countess of Snowdon, CI, GCVO, GCStJ (Margaret Rose; 21 August 1930 – 9 February 2002), often known as a child as Princess Margaret Rose but later simply as Princess Margaret, was the younger daughter of King George VI	http://dbpedia.org/ontology/parent	http://dbpedia.org/resource/Princess_Margaret,_Countess_of_Snowdon	http://dbpedia.org/resource/George_VI
4	Alaa Mubarak (Arabic: علاء مبارك‎‎  IPA: [ʕæˈlæːʔ moˈbɑːɾɑk]) (born 26 November 1960 in Cairo) is an Egyptian businessman and the elder of two sons of Hosni Mubarak	http://dbpedia.org/ontology/parent	http://dbpedia.org/resource/Alaa_Mubarak	http://dbpedia.org/resource/Hosni_Mubarak
5	John of Gaunt, 1st Duke of Lancaster, KG (6 March 1340 – 3 February 1399) was a member of the House of Plantagenet, the third of four surviving sons of King Edward III of England and Philippa of Hainault	http://dbpedia.org/ontology/parent	http://dbpedia.org/resource/John_of_Gaunt	http://dbpedia.org/resource/Philippa_of_Hainault
6	Cnut's father was Sweyn Forkbeard	http://dbpedia.org/ontology/parent	http://dbpedia.org/resource/Cnut_the_Great	http://dbpedia.org/resource/Sweyn_Forkbeard
7	Otto III was the only son of the Emperor Otto II and his wife Theophanu	http://dbpedia.org/ontology/parent	http://dbpedia.org/resource/Otto_III,_Holy_Roman_Emperor	http://dbpedia.org/resource/Theophanu
8	Titus succeeded his father Vespasian	http://dbpedia.org/ontology/parent	http://dbpedia.org/resource/Titus	http://dbpedia.org/resource/Vespasian
9	the Varangian Grand Prince Vladimir the Great	http://dbpedia.org/ontology/parent	http://dbpedia.org/resource/Yaroslav_the_Wise	http://dbpedia.org/resource/Vladimir_the_Great
10	Parker Bowles is the son of Camilla, Duchess of Cornwall and Andrew Parker Bowles	http://dbpedia.org/ontology/parent	http://dbpedia.org/resource/Tom_Parker_Bowles	http://dbpedia.org/resource/Andrew_Parker_Bowles
11	of Count Christian Frederick of Stolberg-Wernigerode	http://dbpedia.org/ontology/parent	http://dbpedia.org/resource/Louise_of_Stolberg-Wernigerode	http://dbpedia.org/resource/Christian_Frederick_of_Stolberg-Wernigerode
12	Sippy's father was producer G. P. Sippy	http://dbpedia.org/ontology/parent	http://dbpedia.org/resource/Ramesh_Sippy	http://dbpedia.org/resource/G._P._Sippy
13	Mason was the eldest son of planter and businessman George Mason V	http://dbpedia.org/ontology/parent	http://dbpedia.org/resource/George_Mason_VI	http://dbpedia.org/resource/George_Mason_V
14	Christian Frederick of Stolberg-Wernigerode (German: Christian Friedrich (Graf) zu Stolberg-Wernigerode; 8 January 1746, Wernigerode Castle – 26 May 1824, Peterwaldau) was the only son of Count Henry Ernest of Stolberg-Wernigerode	http://dbpedia.org/ontology/parent	http://dbpedia.org/resource/Christian_Frederick_of_Stolberg-Wernigerode	http://dbpedia.org/resource/Henry_Ernest_of_Stolberg-Wernigerode
15	Watling was born at Fulmer, Buckinghamshire, the daughter of actors Jack Watling	http://dbpedia.org/ontology/parent	http://dbpedia.org/resource/Deborah_Watling	http://dbpedia.org/resource/Jack_Watling
16	Dykstra was born in Los Angeles, California, and is the daughter of John Dykstra	http://dbpedia.org/ontology/parent	http://dbpedia.org/resource/Chloe_Dykstra	http://dbpedia.org/resource/John_Dykstra
17	Princess Louise of Prussia (German: Luise Auguste Wilhelmine Amalie von Preußen, 1 February 1808, in Königsberg or Berlin – 6 December 1870, in Pauw Haus, Wassenaar) was the third surviving daughter and ninth child of Frederick William III of Prussia and Louise of Mecklenburg-Strelitz	http://dbpedia.org/ontology/parent	http://dbpedia.org/resource/Princess_Louise_of_Prussia_(1808–1870)	http://dbpedia.org/resource/Louise_of_Mecklenburg-Strelitz
18	of Charles, Count of Angoulême, and Louise of Savoy	http://dbpedia.org/ontology/parent	http://dbpedia.org/resource/Francis_I_of_France	http://dbpedia.org/resource/Louise_of_Savoy
19	of Charles XV of Sweden and his consort, Louise of the Netherlands	http://dbpedia.org/ontology/parent	http://dbpedia.org/resource/Louise_of_Sweden	http://dbpedia.org/resource/Louise_of_the_Netherlands
20	Oleg Voronin (born November 4, 1962, Criuleni) is a businessperson and the son of former Moldovan president Vladimir Voronin	http://dbpedia.org/ontology/parent	http://dbpedia.org/resource/Oleg_Voronin	http://dbpedia.org/resource/Vladimir_Voronin
21	of William de Ferrers, 5th Earl of Derby	http://dbpedia.org/ontology/parent	http://dbpedia.org/resource/Robert_de_Ferrers,_6th_Earl_of_Derby	http://dbpedia.org/resource/William_de_Ferrers,_5th_Earl_of_Derby
22	Gian Galeazzo Visconti (16 October 1351 – 3 September 1402), son of Galeazzo II Visconti and Bianca of Savoy	http://dbpedia.org/ontology/parent	http://dbpedia.org/resource/Gian_Galeazzo_Visconti	http://dbpedia.org/resource/Bianca_of_Savoy
23	Topo Swope (born 1948) is an American actress and talent agent.Daughter of Dorothy McGuire	http://dbpedia.org/ontology/parent	http://dbpedia.org/resource/Topo_Swope	http://dbpedia.org/resource/Dorothy_McGuire
24	Geldof and Paula Yates	http://dbpedia.org/ontology/parent	http://dbpedia.org/resource/Pixie_Geldof	http://dbpedia.org/resource/Paula_Yates
25	Victor Albert Jay Duleep Singh	http://dbpedia.org/ontology/parent	http://dbpedia.org/resource/Victor_Duleep_Singh	http://dbpedia.org/resource/Duleep_Singh
26	Halsten Stenkil	http://dbpedia.org/ontology/parent	http://dbpedia.org/resource/Halsten_Stenkilsson	http://dbpedia.org/resource/Stenkil
27	Halsten Stenkil	http://dbpedia.org/ontology/parent	http://dbpedia.org/resource/Halsten_Stenkilsson	http://dbpedia.org/resource/Stenkil
28	Chan and his wife, Joan Lin	http://dbpedia.org/ontology/parent	http://dbpedia.org/resource/Jaycee_Chan	http://dbpedia.org/resource/Joan_Lin
29	Godrej Properties Limited, the real estate development arm of the Godrej Group, of which his father, Adi Godrej	http://dbpedia.org/ontology/parent	http://dbpedia.org/resource/Pirojsha_Adi_Godrej	http://dbpedia.org/resource/Adi_Godrej
30	of King Eric II of Norway	http://dbpedia.org/ontology/parent	http://dbpedia.org/resource/Margaret,_Maid_of_Norway	http://dbpedia.org/resource/Eric_II_of_Norway
31	of King Louis VI of France	http://dbpedia.org/ontology/parent	http://dbpedia.org/resource/Louis_VII_of_France	http://dbpedia.org/resource/Louis_VI_of_France
32	Henry was the son of Otto I, Landgrave of Hesse	http://dbpedia.org/ontology/parent	http://dbpedia.org/resource/Henry_II,_Landgrave_of_Hesse	http://dbpedia.org/resource/Otto_I,_Landgrave_of_Hesse
33	of Bolko I the Strict	http://dbpedia.org/ontology/parent	http://dbpedia.org/resource/Henry_I_of_Jawor	http://dbpedia.org/resource/Bolko_I_the_Strict
34	of Richard I, Duke of Normandy, and his second wife, Gunnora	http://dbpedia.org/ontology/parent	http://dbpedia.org/resource/Emma_of_Normandy	http://dbpedia.org/resource/Gunnora
35	of William V, Duke of Jülich and Joanna of Hainaut	http://dbpedia.org/ontology/parent	http://dbpedia.org/resource/Gerhard_VI_of_Jülich,_Count_of_Berg_and_Ravensberg	http://dbpedia.org/resource/Joanna_of_Hainaut
36	Armin, Prince of Lippe (Armin Leopold Ernst Bruno Heinrich Willa August Fürst zur Lippe; 18 August 1924 – 20 August 2015, also in Detmold) was the son of Leopold IV, Prince of Lippe and his second wife, Princess Anna of Ysenburg and Büdingen	http://dbpedia.org/ontology/parent	http://dbpedia.org/resource/Armin,_Prince_of_Lippe	http://dbpedia.org/resource/Princess_Anna_of_Ysenburg_and_Büdingen
37	Nasrullah Khan (1874–1920), sometimes spelt as Nasr Ullah Khan, was shahzada (crown prince) of Afghanistan and second son of Emir Abdur Rahman Khan	http://dbpedia.org/ontology/parent	http://dbpedia.org/resource/Nasrullah_Khan_(Afghanistan)	http://dbpedia.org/resource/Abdur_Rahman_Khan
38	Otto II was the youngest and sole surviving son of Otto the Great and Adelaide of Italy	http://dbpedia.org/ontology/parent	http://dbpedia.org/resource/Otto_II,_Holy_Roman_Emperor	http://dbpedia.org/resource/Adelaide_of_Italy
39	Grand Duchess Olga Alexandrovna of Russia (Russian: О́льга Алекса́ндровна; 13 June [O.S. 1 June] 1882 – 24 November 1960) was the youngest child and younger daughter of Emperor Alexander III of Russia	http://dbpedia.org/ontology/parent	http://dbpedia.org/resource/Grand_Duchess_Olga_Alexandrovna_of_Russia	http://dbpedia.org/resource/Alexander_III_of_Russia
40	Michael IX was the eldest son of Andronikos II Palaiologos	http://dbpedia.org/ontology/parent	http://dbpedia.org/resource/Michael_IX_Palaiologos	http://dbpedia.org/resource/Andronikos_II_Palaiologos
41	Kunala (IAST: Kuṇāla ) (263 BC - ?) was a son of Emperor Ashoka	http://dbpedia.org/ontology/parent	http://dbpedia.org/resource/Kunala	http://dbpedia.org/resource/Ashoka
42	Tiberius was the stepson of Augustus	http://dbpedia.org/ontology/parent	http://dbpedia.org/resource/Tiberius	http://dbpedia.org/resource/Augustus
43	Muhammad Akbar (11 September 1657 – 31 March 1706) was a Mughal prince as the second son of the Mughal Emperor Aurangzeb	http://dbpedia.org/ontology/parent	http://dbpedia.org/resource/Sultan_Muhammad_Akbar	http://dbpedia.org/resource/Aurangzeb
44	the younger son of King Edmund I	http://dbpedia.org/ontology/parent	http://dbpedia.org/resource/Edgar_the_Peaceful	http://dbpedia.org/resource/Edmund_I
45	Akbar succeeded his father, Humayun	http://dbpedia.org/ontology/parent	http://dbpedia.org/resource/Akbar	http://dbpedia.org/resource/Humayun
46	Barbara Pierce Bush (born November 25, 1981) is the elder of the fraternal twin daughters (the other is Jenna Bush Hager) of the 43rd U.S. President George W. Bush and former First Lady Laura Bush	http://dbpedia.org/ontology/parent	http://dbpedia.org/resource/Barbara_Bush_(born_1981)	http://dbpedia.org/resource/Laura_Bush
47	the third son of emperor of Francia, Louis the Pious	http://dbpedia.org/ontology/parent	http://dbpedia.org/resource/Louis_the_German	http://dbpedia.org/resource/Louis_the_Pious
48	Commodus (/ˈkɒmədəs/; Latin: Marcus Aurelius	http://dbpedia.org/ontology/parent	http://dbpedia.org/resource/Commodus	http://dbpedia.org/resource/Marcus_Aurelius
49	of King Gustav II Adolph and his wife Maria Eleonora of Brandenburg	http://dbpedia.org/ontology/parent	http://dbpedia.org/resource/Christina,_Queen_of_Sweden	http://dbpedia.org/resource/Maria_Eleonora_of_Brandenburg
50	the son of Mieszko I of Poland	http://dbpedia.org/ontology/parent	http://dbpedia.org/resource/Bolesław_I_the_Brave	http://dbpedia.org/resource/Mieszko_I_of_Poland
51	Shem (/ʃɛm/; Hebrew: שֵׁם, Modern Shem, Tiberian Šēm; Greek: Σήμ Sēm; Ge'ez: ሴም, Sēm; "renown; prosperity; name"; Arabic: سام Sām) was one of the sons of Noah	http://dbpedia.org/ontology/parent	http://dbpedia.org/resource/Shem	http://dbpedia.org/resource/Noah
52	Shem as one of the believing sons of Noah	http://dbpedia.org/ontology/parent	http://dbpedia.org/resource/Shem	http://dbpedia.org/resource/Noah
53	Renée of France (25 October 1510 – 12 June 1574), was the younger surviving child of Louis XII of France and Anne of Brittany	http://dbpedia.org/ontology/parent	http://dbpedia.org/resource/Renée_of_France	http://dbpedia.org/resource/Anne_of_Brittany
54	Celentano and Claudia Mori	http://dbpedia.org/ontology/parent	http://dbpedia.org/resource/Rosalinda_Celentano	http://dbpedia.org/resource/Claudia_Mori
55	Princess Pingyang (simplified Chinese: 平阳公主; traditional Chinese: 平陽公主; pinyin: Píngyáng Gōngzhǔ), formally Princess Zhao of Pingyang (平陽昭公主) (598 - 623) was the daughter of Emperor Gaozu of Tang	http://dbpedia.org/ontology/parent	http://dbpedia.org/resource/Princess_Pingyang	http://dbpedia.org/resource/Emperor_Gaozu_of_Tang
56	William was the son of the unmarried Robert I, Duke of Normandy	http://dbpedia.org/ontology/parent	http://dbpedia.org/resource/William_the_Conqueror	http://dbpedia.org/resource/Robert_I,_Duke_of_Normandy
57	George Llewelyn Davies (20 July 1893 - 15 March 1915) was the eldest son of Arthur and Sylvia Llewelyn Davies	http://dbpedia.org/ontology/parent	http://dbpedia.org/resource/George_Llewelyn_Davies	http://dbpedia.org/resource/Sylvia_Llewelyn_Davies
58	the younger son of King Edmund I and his Queen, Ælfgifu of Shaftesbury	http://dbpedia.org/ontology/parent	http://dbpedia.org/resource/Edgar_the_Peaceful	http://dbpedia.org/resource/Ælfgifu_of_Shaftesbury
59	Ernest was born in Munich, the son of Albert V, Duke of Bavaria	http://dbpedia.org/ontology/parent	http://dbpedia.org/resource/Ernest_of_Bavaria	http://dbpedia.org/resource/Albert_V,_Duke_of_Bavaria
60	of Archibald Douglas, 5th Earl of Angus	http://dbpedia.org/ontology/parent	http://dbpedia.org/resource/George_Douglas,_Master_of_Angus	http://dbpedia.org/resource/Archibald_Douglas,_5th_Earl_of_Angus
61	of Henry Neville, 5th Earl of Westmorland	http://dbpedia.org/ontology/parent	http://dbpedia.org/resource/Charles_Neville,_6th_Earl_of_Westmorland	http://dbpedia.org/resource/Henry_Neville,_5th_Earl_of_Westmorland
62	Gerhard was the third son of Dietrich of Oldenburg and his wife, Helvig of Schauenburg	http://dbpedia.org/ontology/parent	http://dbpedia.org/resource/Gerhard_VI,_Count_of_Oldenburg	http://dbpedia.org/resource/Helvig_of_Schauenburg
63	of King Baldwin II of Jerusalem, and the Armenian princess Morphia of Melitene	http://dbpedia.org/ontology/parent	http://dbpedia.org/resource/Melisende,_Queen_of_Jerusalem	http://dbpedia.org/resource/Morphia_of_Melitene
64	Anne was the daughter of Thomas Boleyn, 1st Earl of Wiltshire	http://dbpedia.org/ontology/parent	http://dbpedia.org/resource/Anne_Boleyn	http://dbpedia.org/resource/Thomas_Boleyn,_1st_Earl_of_Wiltshire
65	Mason was the eldest son of United States patriot, statesman, and delegate from Virginia to the U.S. Constitutional Convention, George Mason IV	http://dbpedia.org/ontology/parent	http://dbpedia.org/resource/George_Mason_V	http://dbpedia.org/resource/George_Mason
66	al-Mahdī was born in 869 (15 Sha‘bān 255 AH) and assumed Imamate at 5 years of age following the death of his father Hasan al-Askari	http://dbpedia.org/ontology/parent	http://dbpedia.org/resource/Muhammad_al-Mahdi	http://dbpedia.org/resource/Hasan_al-Askari
67	of fifteen children born from the first marriage of Augustus, Elector of Saxony	http://dbpedia.org/ontology/parent	http://dbpedia.org/resource/Anna_of_Saxony_(1567–1613)	http://dbpedia.org/resource/Augustus,_Elector_of_Saxony
68	of John Talbot, 3rd Earl of Shrewsbury	http://dbpedia.org/ontology/parent	http://dbpedia.org/resource/George_Talbot,_4th_Earl_of_Shrewsbury	http://dbpedia.org/resource/John_Talbot,_3rd_Earl_of_Shrewsbury
69	William Herbert, 3rd Earl of Pembroke KG PC (8 April 1580 – 10 April 1630) was the son of Henry Herbert, 2nd Earl of Pembroke	http://dbpedia.org/ontology/parent	http://dbpedia.org/resource/William_Herbert,_3rd_Earl_of_Pembroke	http://dbpedia.org/resource/Henry_Herbert,_2nd_Earl_of_Pembroke
70	of Leopold I and Louise of Orléans	http://dbpedia.org/ontology/parent	http://dbpedia.org/resource/Leopold_II_of_Belgium	http://dbpedia.org/resource/Louise_of_Orléans
71	Robbie" Knievel (born May 7, 1962 in Butte, Montana) is an American daredevil and son of stunt performer Evel Knievel	http://dbpedia.org/ontology/parent	http://dbpedia.org/resource/Robbie_Knievel	http://dbpedia.org/resource/Evel_Knievel
72	of King Baldwin II of Jerusalem	http://dbpedia.org/ontology/parent	http://dbpedia.org/resource/Melisende,_Queen_of_Jerusalem	http://dbpedia.org/resource/Baldwin_II_of_Jerusalem
73	Victoria was raised under close supervision by her German-born mother Princess Victoria of Saxe-Coburg-Saalfeld	http://dbpedia.org/ontology/parent	http://dbpedia.org/resource/Queen_Victoria	http://dbpedia.org/resource/Princess_Victoria_of_Saxe-Coburg-Saalfeld
74	Catherine of Hungary (Hungarian: Katalin, Serbian: Каталина; c. 1256 – after 1314) was the second daughter of Stephen V of Hungary	http://dbpedia.org/ontology/parent	http://dbpedia.org/resource/Catherine_of_Hungary,_Queen_of_Serbia	http://dbpedia.org/resource/Stephen_V_of_Hungary
75	Fadrique Alfonso of Castile, 1st Señor de Haro (1334–1358), 25th Master of the Order of Santiago (1342–1358), was the fifth illegitimate child of Alfonso XI of Castile	http://dbpedia.org/ontology/parent	http://dbpedia.org/resource/Fadrique_Alfonso,_Lord_of_Haro	http://dbpedia.org/resource/Alfonso_XI_of_Castile
76	Menelaus was also popular in Greek vase painting and Greek tragedy, the latter more as a hero of the Trojan War than as a member of the doomed House of Atreus	http://dbpedia.org/ontology/parent	http://dbpedia.org/resource/Menelaus	http://dbpedia.org/resource/Atreus
77	Menelaus was also popular in Greek vase painting and Greek tragedy, the latter more as a hero of the Trojan War than as a member of the doomed House of Atreus	http://dbpedia.org/ontology/parent	http://dbpedia.org/resource/Menelaus	http://dbpedia.org/resource/Atreus
78	the renaissance of letters, begun by his predecessor Basil I	http://dbpedia.org/ontology/parent	http://dbpedia.org/resource/Leo_VI_the_Wise	http://dbpedia.org/resource/Basil_I
79	Bono and Cher	http://dbpedia.org/ontology/parent	http://dbpedia.org/resource/Chaz_Bono	http://dbpedia.org/resource/Cher
80	of Lorraine into the House of Valois-Anjou, Margaret was the second eldest daughter of René of Anjou	http://dbpedia.org/ontology/parent	http://dbpedia.org/resource/Margaret_of_Anjou	http://dbpedia.org/resource/René_of_Anjou
81	of King Qing of Zhou	http://dbpedia.org/ontology/parent	http://dbpedia.org/resource/King_Ding_of_Zhou	http://dbpedia.org/resource/King_Qing_of_Zhou
82	of Gilbert de Bourbon, Count of Montpensier by Clara Gonzaga	http://dbpedia.org/ontology/parent	http://dbpedia.org/resource/Renée_of_Bourbon	http://dbpedia.org/resource/Clara_Gonzaga
83	Muhammad Akbar (11 September 1657 – 31 March 1706) was a Mughal prince as the second son of the Mughal Emperor Aurangzeb and his Empress consort Dilras Banu Begum	http://dbpedia.org/ontology/parent	http://dbpedia.org/resource/Sultan_Muhammad_Akbar	http://dbpedia.org/resource/Dilras_Banu_Begum
84	Akhil made his acting debut as a baby who leaves his home in the comedy film Sisindri (1994), aged one.Born into a film family on 8 April 1994 in San Jose, California, Akhil is the son of Akkineni Nagarjuna	http://dbpedia.org/ontology/parent	http://dbpedia.org/resource/Akhil_Akkineni	http://dbpedia.org/resource/Akkineni_Nagarjuna
85	Bermudo III (1017 – 4 September 1037), king of León (1028 – 4 September 1037), son of Alfonso V of León	http://dbpedia.org/ontology/parent	http://dbpedia.org/resource/Bermudo_III_of_León	http://dbpedia.org/resource/Alfonso_V_of_León
86	Parker Bowles is the son of Camilla, Duchess of Cornwall	http://dbpedia.org/ontology/parent	http://dbpedia.org/resource/Tom_Parker_Bowles	http://dbpedia.org/resource/Camilla,_Duchess_of_Cornwall
87	of Charles I of Hungary	http://dbpedia.org/ontology/parent	http://dbpedia.org/resource/Louis_I_of_Hungary	http://dbpedia.org/resource/Charles_I_of_Hungary
88	of Charles VI of France	http://dbpedia.org/ontology/parent	http://dbpedia.org/resource/Catherine_of_Valois	http://dbpedia.org/resource/Charles_VI_of_France
89	of Charles XV of Sweden	http://dbpedia.org/ontology/parent	http://dbpedia.org/resource/Louise_of_Sweden	http://dbpedia.org/resource/Charles_XV_of_Sweden
90	Richard, a son of Edward, the Black Prince	http://dbpedia.org/ontology/parent	http://dbpedia.org/resource/Richard_II_of_England	http://dbpedia.org/resource/Edward,_the_Black_Prince
91	Princess Anna Monika of Saxony, Duchess of Saxony (Full German name: Prinzessin Anna Monika von Sachsen, Herzogin zu Sachsen) (4 May 1903, Lindau, Bavaria – 8 February 1976, Munich, Bavaria, Germany) was the seventh and youngest child of Frederick Augustus III of Saxony	http://dbpedia.org/ontology/parent	http://dbpedia.org/resource/Princess_Anna_of_Saxony_(1903–1976)	http://dbpedia.org/resource/Frederick_Augustus_III_of_Saxony
92	of King Frederick II of Denmark	http://dbpedia.org/ontology/parent	http://dbpedia.org/resource/Anne_of_Denmark	http://dbpedia.org/resource/Frederick_II_of_Denmark
93	Princess Louise of Prussia (German: Luise Auguste Wilhelmine Amalie von Preußen, 1 February 1808, in Königsberg or Berlin – 6 December 1870, in Pauw Haus, Wassenaar) was the third surviving daughter and ninth child of Frederick William III of Prussia	http://dbpedia.org/ontology/parent	http://dbpedia.org/resource/Princess_Louise_of_Prussia_(1808–1870)	http://dbpedia.org/resource/Frederick_William_III_of_Prussia
94	of George II of Great Britain	http://dbpedia.org/ontology/parent	http://dbpedia.org/resource/Louise_of_Great_Britain	http://dbpedia.org/resource/George_II_of_Great_Britain
95	Barbara Pierce Bush (born November 25, 1981) is the elder of the fraternal twin daughters (the other is Jenna Bush Hager) of the 43rd U.S. President George W. Bush	http://dbpedia.org/ontology/parent	http://dbpedia.org/resource/Barbara_Bush_(born_1981)	http://dbpedia.org/resource/George_W._Bush
96	John Stafford, 1st Earl of Wiltshire KG,KB (24 November 1427 – 8 May 1473) was an English nobleman, the youngest son of Humphrey Stafford, 1st Duke of Buckingham	http://dbpedia.org/ontology/parent	http://dbpedia.org/resource/John_Stafford,_1st_Earl_of_Wiltshire	http://dbpedia.org/resource/Humphrey_Stafford,_1st_Duke_of_Buckingham
97	Tiberius (Greek: Τιβέριος, Tiberios) was the only son of the Byzantine emperor Justinian II	http://dbpedia.org/ontology/parent	http://dbpedia.org/resource/Tiberius_(son_of_Justinian_II)	http://dbpedia.org/resource/Justinian_II
98	of Philip, Duke of Parma	http://dbpedia.org/ontology/parent	http://dbpedia.org/resource/Maria_Luisa_of_Parma	http://dbpedia.org/resource/Philip,_Duke_of_Parma
99	Maria Anna of Spain (18 August 1606 – 13 May 1646), Infanta of Spain, the youngest daughter of King Philip III of Spain	http://dbpedia.org/ontology/parent	http://dbpedia.org/resource/Maria_Anna_of_Spain	http://dbpedia.org/resource/Philip_III_of_Spain
100	of Philip IV of France	http://dbpedia.org/ontology/parent	http://dbpedia.org/resource/Isabella_of_France	http://dbpedia.org/resource/Philip_IV_of_France
101	Victoria was the daughter of Prince Edward, Duke of Kent and Strathearn	http://dbpedia.org/ontology/parent	http://dbpedia.org/resource/Queen_Victoria	http://dbpedia.org/resource/Prince_Edward,_Duke_of_Kent_and_Strathearn
102	Beverly Vergel was born in Manila, Philippines to actors César Ramirez and Alicia Vergel	http://dbpedia.org/ontology/parent	http://dbpedia.org/resource/Beverly_Vergel	http://dbpedia.org/resource/Alicia_Vergel
103	Henry II (German: Heinrich, Dutch:Hendrik, French: Henri) was Count of Louvain (Leuven) from 1054 through 1071 (?). Henry II was the son of Lambert II, Count of Louvain	http://dbpedia.org/ontology/parent	http://dbpedia.org/resource/Henry_II,_Count_of_Louvain	http://dbpedia.org/resource/Lambert_II,_Count_of_Louvain
104	Jamie Anderson is an English producer, director and writer best known for his work on the Doctor Who and Terrahawks audio plays for Big Finish Productions, and for his work continuing the legacy of his late father Gerry Anderson	http://dbpedia.org/ontology/parent	http://dbpedia.org/resource/Jamie_Anderson_(producer)	http://dbpedia.org/resource/Gerry_Anderson
105	Guru in Sikhism on 7 October 1661, succeeding his father, Guru Har Rai	http://dbpedia.org/ontology/parent	http://dbpedia.org/resource/Guru_Har_Krishan	http://dbpedia.org/resource/Guru_Har_Rai
106	of Glücksburg, a royal house with origins in Northern Germany, she was the eldest child of Frederick IX of Denmark and Ingrid of Sweden	http://dbpedia.org/ontology/parent	http://dbpedia.org/resource/Margrethe_II_of_Denmark	http://dbpedia.org/resource/Ingrid_of_Sweden
107	John Parke Custis (27 November 1754 – 5 November 1781) was a Virginia planter, the son of Martha Washington	http://dbpedia.org/ontology/parent	http://dbpedia.org/resource/John_Parke_Custis	http://dbpedia.org/resource/Martha_Washington
108	Sun Quan was born in Xiapi while his father Sun Jian	http://dbpedia.org/ontology/parent	http://dbpedia.org/resource/Sun_Quan	http://dbpedia.org/resource/Sun_Jian
109	Ahmad Shah Bahadur, Mirza Ahmad Shah, Mujahid-ud-Din Ahmad Shah Ghazi (23 December 1725 – 1 January 1775) was born to Mughal Emperor Muhammad Shah	http://dbpedia.org/ontology/parent	http://dbpedia.org/resource/Ahmad_Shah_Bahadur	http://dbpedia.org/resource/Muhammad_Shah
110	Lee Jun-fan (Chinese: 李振藩; November 27, 1940 – July 20, 1973), known professionally as Bruce Lee, was a Hong Kong and American actor, martial artist, philosopher, filmmaker, and founder of the martial art Jeet Kune Do. Lee was the son of Cantonese opera star Lee Hoi-Chuen	http://dbpedia.org/ontology/parent	http://dbpedia.org/resource/Bruce_Lee	http://dbpedia.org/resource/Lee_Hoi-chuen
111	Herbert, 2nd Earl of Pembroke, and his first wife, Mary Woodville	http://dbpedia.org/ontology/parent	http://dbpedia.org/resource/Elizabeth_Somerset,_Baroness_Herbert	http://dbpedia.org/resource/Mary_Woodville
112	Aniston and American actress Nancy Dow	http://dbpedia.org/ontology/parent	http://dbpedia.org/resource/Jennifer_Aniston	http://dbpedia.org/resource/Nancy_Dow
113	Dorothy Percy, Countess of Northumberland (formerly Perrot, née Devereux; c. 1564 – 3 August 1619) was the younger daughter of Walter Devereux, 1st Earl of Essex	http://dbpedia.org/ontology/parent	http://dbpedia.org/resource/Dorothy_Percy,_Countess_of_Northumberland	http://dbpedia.org/resource/Walter_Devereux,_1st_Earl_of_Essex
114	Mahidol was the 69th child of King Chulalongkorn	http://dbpedia.org/ontology/parent	http://dbpedia.org/resource/Mahidol_Adulyadej	http://dbpedia.org/resource/Chulalongkorn
115	of Frederick III, Duke of Holstein-Gottorp	http://dbpedia.org/ontology/parent	http://dbpedia.org/resource/Christian_Albert,_Duke_of_Holstein-Gottorp	http://dbpedia.org/resource/Frederick_III,_Duke_of_Holstein-Gottorp
116	of Lorraine into the House of Valois-Anjou, Margaret was the second eldest daughter of René of Anjou and Isabella, Duchess of Lorraine	http://dbpedia.org/ontology/parent	http://dbpedia.org/resource/Margaret_of_Anjou	http://dbpedia.org/resource/Isabella,_Duchess_of_Lorraine
117	of kings," being the fourth and youngest son of Henry IV and his first wife Mary de Bohun	http://dbpedia.org/ontology/parent	http://dbpedia.org/resource/Humphrey,_Duke_of_Gloucester	http://dbpedia.org/resource/Mary_de_Bohun
118	María García Granados y Saborío (1860-May 10, 1878), also known as La Niña de Guatemala ("the little girl of Guatemala"), was a Guatemalan socialite, daughter of General Miguel García Granados	http://dbpedia.org/ontology/parent	http://dbpedia.org/resource/María_García_Granados_y_Saborío	http://dbpedia.org/resource/Miguel_García_Granados
119	of Grand Prince Géza and his wife, Sarolt	http://dbpedia.org/ontology/parent	http://dbpedia.org/resource/Stephen_I_of_Hungary	http://dbpedia.org/resource/Sarolt
120	aliph al-Qadir	http://dbpedia.org/ontology/parent	http://dbpedia.org/resource/Al-Qa'im_(caliph)	http://dbpedia.org/resource/Al-Qadir
121	Ivan Ivanovich (Ива́н Иванович) (28 March 1554 – 19 November 1581) of the House of Rurik, was Tsarevich - the heir apparent - of the Tsardom of Russia, being the second son of Ivan the Terrible by his first wife Anastasia Romanovna	http://dbpedia.org/ontology/parent	http://dbpedia.org/resource/Tsarevich_Ivan_Ivanovich_of_Russia	http://dbpedia.org/resource/Anastasia_Romanovna
122	Catherine de' Medici (Italian: Caterina de' Medici pronounced [kateˈriːna de ˈmɛːditʃi]; French: Catherine de Médicis pronounced: [katʁin də medisis], 13 April 1519 – 5 January 1589), daughter of Lorenzo II de' Medici and of Madeleine de La Tour d'Auvergne	http://dbpedia.org/ontology/parent	http://dbpedia.org/resource/Catherine_de'_Medici	http://dbpedia.org/resource/Madeleine_de_La_Tour_d'Auvergne
123	James Louis Sobieski (full name in Polish: Jakub Ludwik Henryk Sobieski; 2 November 1667 – 19 December 1737) was a Polish prince, nobleman, politician, diplomat, scholar, traveller and the son of King John III of Poland and Marie Casimire Louise de La Grange d'Arquien	http://dbpedia.org/ontology/parent	http://dbpedia.org/resource/James_Louis_Sobieski	http://dbpedia.org/resource/Marie_Casimire_Louise_de_La_Grange_d'Arquien
124	Bava began worked as an assistant director on the film's of his father Mario Bava	http://dbpedia.org/ontology/parent	http://dbpedia.org/resource/Lamberto_Bava	http://dbpedia.org/resource/Mario_Bava
125	of Radu I of Wallachia	http://dbpedia.org/ontology/parent	http://dbpedia.org/resource/Dan_I_of_Wallachia	http://dbpedia.org/resource/Radu_I_of_Wallachia
126	Gwynedd, North Wales, from 1137 until his death in 1170, succeeding his father Gruffudd ap Cynan	http://dbpedia.org/ontology/parent	http://dbpedia.org/resource/Owain_Gwynedd	http://dbpedia.org/resource/Gruffudd_ap_Cynan
127	William was the son of the unmarried Robert I, Duke of Normandy, by Robert's mistress Herleva	http://dbpedia.org/ontology/parent	http://dbpedia.org/resource/William_the_Conqueror	http://dbpedia.org/resource/Herleva
128	Balzac d'Entragues and his wife Marie Touchet	http://dbpedia.org/ontology/parent	http://dbpedia.org/resource/Catherine_Henriette_de_Balzac_d'Entragues	http://dbpedia.org/resource/Marie_Touchet
129	Bates and actress Virginia Wetherell	http://dbpedia.org/ontology/parent	http://dbpedia.org/resource/Daisy_Bates_(actress)	http://dbpedia.org/resource/Virginia_Wetherell
130	of Friedrich Christian, Margrave of Meissen	http://dbpedia.org/ontology/parent	http://dbpedia.org/resource/Princess_Anna_of_Saxony_(1929–2012)	http://dbpedia.org/resource/Friedrich_Christian,_Margrave_of_Meissen
131	of Bruno I, Count of Brunswick, and Gisela of Swabia	http://dbpedia.org/ontology/parent	http://dbpedia.org/resource/Liudolf,_Margrave_of_Frisia	http://dbpedia.org/resource/Gisela_of_Swabia
132	Princess Anna Maria Maximiliane Stephania Karoline Johanna Luisa Xaveria Nepomucena Aloysia Benedicta of Saxony, Duchess of Saxony (Full German name: Prinzessin Anna Maria Maximiliane Stephania Karoline Johanna Luisa Xaveria Nepomucena Aloysia Benedicta von Sachsen, Herzogin zu Sachsen) (born 4 January 1836 in Dresden, Kingdom of Saxony; died 10 February 1859 in Naples, Kingdom of the Two Sicilies) was the seventh child and fourth eldest daughter of John of Saxony	http://dbpedia.org/ontology/parent	http://dbpedia.org/resource/Princess_Anna_of_Saxony_(1836–1859)	http://dbpedia.org/resource/John_of_Saxony
133	of Matthew Stewart, 2nd Earl of Lennox	http://dbpedia.org/ontology/parent	http://dbpedia.org/resource/John_Stewart,_3rd_Earl_of_Lennox	http://dbpedia.org/resource/Matthew_Stewart,_2nd_Earl_of_Lennox
134	Dorothy Percy, Countess of Northumberland (formerly Perrot, née Devereux; c. 1564 – 3 August 1619) was the younger daughter of Walter Devereux, 1st Earl of Essex by Lettice Knollys	http://dbpedia.org/ontology/parent	http://dbpedia.org/resource/Dorothy_Percy,_Countess_of_Northumberland	http://dbpedia.org/resource/Lettice_Knollys
135	of Æthelwulf of Wessex and his first wife, Osburh	http://dbpedia.org/ontology/parent	http://dbpedia.org/resource/Æthelberht_of_Wessex	http://dbpedia.org/resource/Osburh
136	Mahidol was the 69th child of King Chulalongkorn and the 7th of Queen Savang Vadhana	http://dbpedia.org/ontology/parent	http://dbpedia.org/resource/Mahidol_Adulyadej	http://dbpedia.org/resource/Savang_Vadhana
137	Alaa Mubarak (Arabic: علاء مبارك‎‎  IPA: [ʕæˈlæːʔ moˈbɑːɾɑk]) (born 26 November 1960 in Cairo) is an Egyptian businessman and the elder of two sons of Hosni Mubarak the former President of Egypt who served from 1981 to 2011, and his wife Suzanne Mubarak	http://dbpedia.org/ontology/parent	http://dbpedia.org/resource/Alaa_Mubarak	http://dbpedia.org/resource/Suzanne_Mubarak
138	Johnson and Patti D'Arbanville	http://dbpedia.org/ontology/parent	http://dbpedia.org/resource/Jesse_Johnson_(actor)	http://dbpedia.org/resource/Patti_D'Arbanville
139	of Friedrich Christian, Margrave of Meissen and his wife Princess Elisabeth Helene of Thurn and Taxis	http://dbpedia.org/ontology/parent	http://dbpedia.org/resource/Princess_Anna_of_Saxony_(1929–2012)	http://dbpedia.org/resource/Princess_Elisabeth_Helene_of_Thurn_and_Taxis
140	of Gozlin, Count of Bidgau and Methingau	http://dbpedia.org/ontology/parent	http://dbpedia.org/resource/Godfrey_I,_Count_of_Verdun	http://dbpedia.org/resource/Gozlin,_Count_of_Bidgau_and_Methingau
141	Azadeh Shafiq (1951 – 23 February 2011) was an Iranian royal and a member of the Pahlavi dynasty, being daughter of Ashraf Pahlavi	http://dbpedia.org/ontology/parent	http://dbpedia.org/resource/Azadeh_Shafiq	http://dbpedia.org/resource/Ashraf_Pahlavi
142	of Philip IV of France and Joan I of Navarre	http://dbpedia.org/ontology/parent	http://dbpedia.org/resource/Isabella_of_France	http://dbpedia.org/resource/Joan_I_of_Navarre
143	William Herbert, 3rd Earl of Pembroke KG PC (8 April 1580 – 10 April 1630) was the son of Henry Herbert, 2nd Earl of Pembroke and his third wife Mary Sidney	http://dbpedia.org/ontology/parent	http://dbpedia.org/resource/William_Herbert,_3rd_Earl_of_Pembroke	http://dbpedia.org/resource/Mary_Sidney
144	of Frederick Augustus II,  Prince-Elector of Saxony and King of Poland, by his wife, Maria Josepha of Austria	http://dbpedia.org/ontology/parent	http://dbpedia.org/resource/Frederick_Christian,_Elector_of_Saxony	http://dbpedia.org/resource/Maria_Josepha_of_Austria
145	Maria Anna Sophia of Saxony (Maria Anna Sophia Sabina Angela Franciska Xaveria; 29 August 1728 – 17 February 1797) was a daughter of King Augustus III of Poland and his wife Maria Josepha of Austria	http://dbpedia.org/ontology/parent	http://dbpedia.org/resource/Maria_Anna_Sophia_of_Saxony	http://dbpedia.org/resource/Maria_Josepha_of_Austria
146	Zorawar Singh (Punjabi: ਸਾਹਿਬਜ਼ਾਦਾ ਜ਼ੋਰਾਵਰ ਸਿੰਘ, 17 November 1696 – 12 December 1705) was the third of Guru Gobind Singh	http://dbpedia.org/ontology/parent	http://dbpedia.org/resource/Zorawar_Singh_(Sikhism)	http://dbpedia.org/resource/Guru_Gobind_Singh
147	of the Holy Roman Emperor Henry VII and his wife Margaret of Brabant	http://dbpedia.org/ontology/parent	http://dbpedia.org/resource/John_of_Bohemia	http://dbpedia.org/resource/Margaret_of_Brabant
148	Francis IV of Modena and Princess Maria Beatrice of Savoy	http://dbpedia.org/ontology/parent	http://dbpedia.org/resource/Francis_V,_Duke_of_Modena	http://dbpedia.org/resource/Maria_Beatrice_of_Savoy
149	Princess Anna Maria Maximiliane Stephania Karoline Johanna Luisa Xaveria Nepomucena Aloysia Benedicta of Saxony, Duchess of Saxony (Full German name: Prinzessin Anna Maria Maximiliane Stephania Karoline Johanna Luisa Xaveria Nepomucena Aloysia Benedicta von Sachsen, Herzogin zu Sachsen) (born 4 January 1836 in Dresden, Kingdom of Saxony; died 10 February 1859 in Naples, Kingdom of the Two Sicilies) was the seventh child and fourth eldest daughter of John of Saxony and his wife Amalie Auguste of Bavaria	http://dbpedia.org/ontology/parent	http://dbpedia.org/resource/Princess_Anna_of_Saxony_(1836–1859)	http://dbpedia.org/resource/Amalie_Auguste_of_Bavaria
150	Christian Devi Brando (May 11, 1958 – January 26, 2008) was the only child of actor Marlon Brando and Anna Kashfi	http://dbpedia.org/ontology/parent	http://dbpedia.org/resource/Christian_Brando	http://dbpedia.org/resource/Anna_Kashfi
151	of Charles, Count of Angoulême	http://dbpedia.org/ontology/parent	http://dbpedia.org/resource/Francis_I_of_France	http://dbpedia.org/resource/Charles,_Count_of_Angoulême
152	Landis and costume designer and historian Deborah Nadoolman Landis	http://dbpedia.org/ontology/parent	http://dbpedia.org/resource/Max_Landis	http://dbpedia.org/resource/Deborah_Nadoolman_Landis
153	of Emmanuel, Prince of Anhalt-Köthen	http://dbpedia.org/ontology/parent	http://dbpedia.org/resource/Emmanuel_Lebrecht,_Prince_of_Anhalt-Köthen	http://dbpedia.org/resource/Emmanuel,_Prince_of_Anhalt-Köthen
154	Tintin Anderzon, born 29 April 1964, is a Swedish actress and daughter of actress Kim Anderzon	http://dbpedia.org/ontology/parent	http://dbpedia.org/resource/Tintin_Anderzon	http://dbpedia.org/resource/Kim_Anderzon
155	Wrede was born to influential Finnish industrialist Wrede family; his father Freiherr Carolus Wrede	http://dbpedia.org/ontology/parent	http://dbpedia.org/resource/Gustaf_Wrede	http://dbpedia.org/resource/Carolus_Wrede
156	of Gozlin, Count of Bidgau and Methingau, and Oda of Metz	http://dbpedia.org/ontology/parent	http://dbpedia.org/resource/Godfrey_I,_Count_of_Verdun	http://dbpedia.org/resource/Oda_of_Metz
157	of Thingfrith	http://dbpedia.org/ontology/parent	http://dbpedia.org/resource/Offa_of_Mercia	http://dbpedia.org/resource/Thingfrith
158	Dalla Chiesa, assassinated in 1982 together with his wife, Emanuela Setti Carraro	http://dbpedia.org/ontology/parent	http://dbpedia.org/resource/Rita_Dalla_Chiesa	http://dbpedia.org/resource/Emanuela_Setti_Carraro
159	of Edward IV of England and Elizabeth Woodville	http://dbpedia.org/ontology/parent	http://dbpedia.org/resource/Margaret_of_York_(1472)	http://dbpedia.org/resource/Elizabeth_Woodville
160	Edward of Westminster (13 October 1453 – 4 May 1471), also known as Edward of Lancaster, was the only son of King Henry VI of England and Margaret of Anjou	http://dbpedia.org/ontology/parent	http://dbpedia.org/resource/Edward_of_Westminster,_Prince_of_Wales	http://dbpedia.org/resource/Margaret_of_Anjou
161	and fourth child of Queen Victoria of the United Kingdom	http://dbpedia.org/ontology/parent	http://dbpedia.org/resource/Alfred,_Duke_of_Saxe-Coburg_and_Gotha	http://dbpedia.org/resource/Queen_Victoria
162	Al-Dith ibn Adnan (Arabic: عك بن عدنان‎‎; perhaps the same as Akk) is the brother of Ma'ad ibn Adnan	http://dbpedia.org/ontology/parent	http://dbpedia.org/resource/Al-Dith_ibn_Adnan	http://dbpedia.org/resource/Adnan
163	of Christian I, King of Denmark, Norway and Sweden, and Dorothea of Brandenburg	http://dbpedia.org/ontology/parent	http://dbpedia.org/resource/Margaret_of_Denmark,_Queen_of_Scotland	http://dbpedia.org/resource/Dorothea_of_Brandenburg
164	Princess Thyra of Denmark, Danish pronunciation: [ˈtyːʁə], (29 September 1853 – 26 February 1933 in Gmunden) was the youngest daughter and fifth child of Christian IX of Denmark and Louise of Hesse-Kassel	http://dbpedia.org/ontology/parent	http://dbpedia.org/resource/Princess_Thyra_of_Denmark	http://dbpedia.org/resource/Louise_of_Hesse-Kassel
165	of King Frederick IV and Louise of Mecklenburg-Güstrow	http://dbpedia.org/ontology/parent	http://dbpedia.org/resource/Christian_VI_of_Denmark	http://dbpedia.org/resource/Louise_of_Mecklenburg-Güstrow
166	of King Vakhtang VI of Kartli by his wife, Rusudan of Circassia	http://dbpedia.org/ontology/parent	http://dbpedia.org/resource/Prince_Bakar_of_Kartli	http://dbpedia.org/resource/Rusudan_of_Circassia
167	Irons and Sinéad Cusack	http://dbpedia.org/ontology/parent	http://dbpedia.org/resource/Max_Irons	http://dbpedia.org/resource/Sinéad_Cusack
168	of Elias I, Count of Maine	http://dbpedia.org/ontology/parent	http://dbpedia.org/resource/Ermengarde,_Countess_of_Maine	http://dbpedia.org/resource/Elias_I,_Count_of_Maine
169	Knorre's father, Ernst Friedrich Knorre	http://dbpedia.org/ontology/parent	http://dbpedia.org/resource/Karl_Friedrich_Knorre	http://dbpedia.org/resource/Ernst_Friedrich_Knorre
170	Knorre's father, Karl Friedrich Knorre	http://dbpedia.org/ontology/parent	http://dbpedia.org/resource/Viktor_Knorre	http://dbpedia.org/resource/Karl_Friedrich_Knorre
171	Keharanjo was the born to royal Ovambanderu family to the then Chief Munjuku Nguvauva II	http://dbpedia.org/ontology/parent	http://dbpedia.org/resource/Keharanjo_Nguvauva	http://dbpedia.org/resource/Munjuku_Nguvauva_II
172	of Richard Curzon-Howe, 1st Earl Howe	http://dbpedia.org/ontology/parent	http://dbpedia.org/resource/Mary_Hamilton,_Duchess_of_Abercorn	http://dbpedia.org/resource/Richard_Curzon-Howe,_1st_Earl_Howe
173	of Otto-William, Count of Burgundy	http://dbpedia.org/ontology/parent	http://dbpedia.org/resource/Reginald_I,_Count_of_Burgundy	http://dbpedia.org/resource/Otto-William,_Count_of_Burgundy
174	Ptolemy XI was born to Ptolemy X Alexander I	http://dbpedia.org/ontology/parent	http://dbpedia.org/resource/Ptolemy_XI_Alexander_II	http://dbpedia.org/resource/Ptolemy_X_Alexander_I
175	Adams and Carol Nugent	http://dbpedia.org/ontology/parent	http://dbpedia.org/resource/Jeb_Stuart_Adams	http://dbpedia.org/resource/Carol_Nugent
176	Princess Senate Mohato Seeiso (born 7 October 2001) is the eldest child of King Letsie III of Lesotho and his wife Queen 'Masenate Mohato Seeiso	http://dbpedia.org/ontology/parent	http://dbpedia.org/resource/Princess_Senate_Seeiso	http://dbpedia.org/resource/Queen_'Masenate_Mohato_Seeiso
177	Ralpacan (Tibetan: རལ་པ་ཅན, Wylie: ral pa can), born Tritsuk Detsen (Tibetan: ཁྲི་གཙུག་ལྡེ་བཙན, Wylie: khri gtsug lde btsan) c. 806 CE, the Year of the Dog, was, according to traditional sources, the 41st King of Tibet, ruling from the death of his father, Sadnalegs	http://dbpedia.org/ontology/parent	http://dbpedia.org/resource/Ralpacan	http://dbpedia.org/resource/Sadnalegs
178	Ralambo expanded the realm of his father, Andriamanelo	http://dbpedia.org/ontology/parent	http://dbpedia.org/resource/Ralambo	http://dbpedia.org/resource/Andriamanelo
179	Izabela Maria was born to Prince Henryk Ludwik Lubomirski	http://dbpedia.org/ontology/parent	http://dbpedia.org/resource/Izabela_Maria_Lubomirska	http://dbpedia.org/resource/Henryk_Ludwik_Lubomirski
180	Izabela Maria was born to Prince Henryk Ludwik Lubomirski (15 September 1777 – 20 October 1850) and Princess Teresa Czartoryska	http://dbpedia.org/ontology/parent	http://dbpedia.org/resource/Izabela_Maria_Lubomirska	http://dbpedia.org/resource/Teresa_Czartoryska
181	Bianca of Savoy (1337– Pavia, 31 December 1387) was the only surviving daughter of Aimone, Count of Savoy and his wife Yolande Palaeologina of Montferrat	http://dbpedia.org/ontology/parent	http://dbpedia.org/resource/Bianca_of_Savoy	http://dbpedia.org/resource/Yolande_Palaeologina_of_Montferrat
182	i Ardashir i Pabagan and Ferdowsi's Shahnameh also states it says that Ardashir was born from the marriage of Sasan, a descendant of Darius III, with the daughter of Papak	http://dbpedia.org/ontology/parent	http://dbpedia.org/resource/Ardashir_I	http://dbpedia.org/resource/Papak
183	Alfred, Hereditary Prince of Saxe-Coburg and Gotha (Alfred Alexander William Ernest Albert; 15 October 1874 – 6 February 1899), was the only son and heir apparent of Alfred, Duke of Saxe-Coburg and Gotha	http://dbpedia.org/ontology/parent	http://dbpedia.org/resource/Alfred,_Hereditary_Prince_of_Saxe-Coburg_and_Gotha	http://dbpedia.org/resource/Alfred,_Duke_of_Saxe-Coburg_and_Gotha
184	Zara Anne Elizabeth Tindall MBE (née Phillips; born 15 May 1981) is a British equestrian and the second child and only daughter of Anne, Princess Royal, and her first husband, Captain Mark Phillips	http://dbpedia.org/ontology/parent	http://dbpedia.org/resource/Zara_Phillips	http://dbpedia.org/resource/Mark_Phillips
185	Svetlana Iosifovna Alliluyeva (Russian: Светла́на Ио́сифовна Аллилу́ева, Georgian: სვეტლანა იოსებინა ალილუევა; 28 February 1926 – 22 November 2011), later known as Lana Peters (born Svetlana Iosifovna Stalina, Russian: Светла́на Ио́сифовна Сталина, Georgian: სვეტლანა იოსებინა სტალინა), was the youngest child and only daughter of Soviet Premier Joseph Stalin and Nadezhda Alliluyeva	http://dbpedia.org/ontology/parent	http://dbpedia.org/resource/Svetlana_Alliluyeva	http://dbpedia.org/resource/Nadezhda_Alliluyeva
186	Batu was a son of Jochi	http://dbpedia.org/ontology/parent	http://dbpedia.org/resource/Batu_Khan	http://dbpedia.org/resource/Jochi
187	Khan from the Toluid	http://dbpedia.org/ontology/parent	http://dbpedia.org/resource/Möngke_Khan	http://dbpedia.org/resource/Tolui
188	Khan of the Mongol Empire, the eldest son of Ögedei Khan	http://dbpedia.org/ontology/parent	http://dbpedia.org/resource/Güyük_Khan	http://dbpedia.org/resource/Ögedei_Khan
189	of Anton Florian, Prince of Liechtenstein	http://dbpedia.org/ontology/parent	http://dbpedia.org/resource/Joseph_Johann_Adam,_Prince_of_Liechtenstein	http://dbpedia.org/resource/Anton_Florian,_Prince_of_Liechtenstein
190	Sobhuza was born on 22 July 1899 at Zombodze Royal Residence, the son of Inkhosikati Lomawa Ndwandwe and King Ngwane V	http://dbpedia.org/ontology/parent	http://dbpedia.org/resource/Sobhuza_II	http://dbpedia.org/resource/Ngwane_V
191	Maria de La Cerda y Lara (1319 – 13 March 1375) was the youngest daughter of Fernando de la Cerda and his wife Juana Núñez de Lara	http://dbpedia.org/ontology/parent	http://dbpedia.org/resource/Maria_de_La_Cerda_y_de_Lara	http://dbpedia.org/resource/Juana_Núñez_de_Lara
192	Mswati was the son of Sobhuza I and Tsandzile Ndwandwe	http://dbpedia.org/ontology/parent	http://dbpedia.org/resource/Mswati_II	http://dbpedia.org/resource/Tsandzile_Ndwandwe
193	of Fruela of Cantabria	http://dbpedia.org/ontology/parent	http://dbpedia.org/resource/Aurelius_of_Asturias	http://dbpedia.org/resource/Fruela_of_Cantabria
194	William fitz Eustace at Knaresborough Castle, Yorkshire, the son of Eustace Fitz John and Beatrix de Vesci	http://dbpedia.org/ontology/parent	http://dbpedia.org/resource/William_de_Vesci	http://dbpedia.org/resource/Beatrix_de_Vesci
195	of the emperor Frederick II of Hohenstaufen but his mother, Bianca Lancia	http://dbpedia.org/ontology/parent	http://dbpedia.org/resource/Manfred,_King_of_Sicily	http://dbpedia.org/resource/Bianca_Lancia
196	of Francis I, Duke of Lorraine	http://dbpedia.org/ontology/parent	http://dbpedia.org/resource/Dorothea_of_Lorraine	http://dbpedia.org/resource/Francis_I,_Duke_of_Lorraine
197	Prince Dmitri Alexandrovich of Russia (15 August 1901 – 7 July 1980) was the fourth son and fifth child of Grand Duke Alexander Mikhailovich of Russia and Grand Duchess Xenia Alexandrovna of Russia	http://dbpedia.org/ontology/parent	http://dbpedia.org/resource/Prince_Dmitri_Alexandrovich_of_Russia	http://dbpedia.org/resource/Grand_Duchess_Xenia_Alexandrovna_of_Russia
198	Corday, the co-creator of Days of Our Lives, and Betty Corday	http://dbpedia.org/ontology/parent	http://dbpedia.org/resource/Ken_Corday	http://dbpedia.org/resource/Betty_Corday
199	Eric the Survivor (Swedish: "Erik som överlevde") when he became king, he was the only remaining son of King Canute I of Sweden	http://dbpedia.org/ontology/parent	http://dbpedia.org/resource/Eric_X_of_Sweden	http://dbpedia.org/resource/Canute_I_of_Sweden
200	Mills and Mary Hayley Bell	http://dbpedia.org/ontology/parent	http://dbpedia.org/resource/Juliet_Mills	http://dbpedia.org/resource/Mary_Hayley_Bell
201	Tarek was born in Tripoli, Libya on 4 December 1955 to a Palestinian mother, Yusra Kanaan, and Libyan father, Mustafa Ben Halim	http://dbpedia.org/ontology/parent	http://dbpedia.org/resource/Tarek_Ben_Halim	http://dbpedia.org/resource/Mustafa_Ben_Halim
202	Christian I. Nyby II (born Christian Ib Nyby June 1, 1941) is an American television director, son of film editor and director Christian Nyby	http://dbpedia.org/ontology/parent	http://dbpedia.org/resource/Christian_I._Nyby_II	http://dbpedia.org/resource/Christian_Nyby
203	Hussain Hotak, (Pashto شاه حسين هوتک), son of Mirwais Hotak	http://dbpedia.org/ontology/parent	http://dbpedia.org/resource/Hussain_Hotak	http://dbpedia.org/resource/Mirwais_Hotak
204	Mark Moran was the son of Judy Moran	http://dbpedia.org/ontology/parent	http://dbpedia.org/resource/Mark_Moran_(criminal)	http://dbpedia.org/resource/Judy_Moran
205	Grand Duke Michael Alexandrovich of Russia (Russian: Михаи́л Александрович; 4 December [O.S. 22 November] 1878 – 13 June 1918) was the youngest son and fifth child of Emperor Alexander III of Russia	http://dbpedia.org/ontology/parent	http://dbpedia.org/resource/Grand_Duke_Michael_Alexandrovich_of_Russia	http://dbpedia.org/resource/Alexander_III_of_Russia
206	Infante Juan of Spain, Count of Barcelona (Don Juan Carlos Teresa Silverio Alfonso de Borbón y Battenberg; 20 June 1913 – 1 April 1993), was the third surviving son and designated heir of King Alfonso XIII of Spain	http://dbpedia.org/ontology/parent	http://dbpedia.org/resource/Infante_Juan,_Count_of_Barcelona	http://dbpedia.org/resource/Alfonso_XIII_of_Spain
207	Gaius Vipsanius Agrippa, when he was adopted by his maternal grandfather the Roman emperor, Augustus	http://dbpedia.org/ontology/parent	http://dbpedia.org/resource/Gaius_Caesar	http://dbpedia.org/resource/Augustus
208	Marie of France (1145 – March 11, 1198) was the elder daughter of King Louis VII of France and Duchess Eleanor of Aquitaine	http://dbpedia.org/ontology/parent	http://dbpedia.org/resource/Marie_of_France,_Countess_of_Champagne	http://dbpedia.org/resource/Eleanor_of_Aquitaine
209	Princess Friederike Luise of Prussia (German: Friederike Luise von Preußen) (29 August 1714 – 4 February 1784) was a daughter of Frederick William I of Prussia	http://dbpedia.org/ontology/parent	http://dbpedia.org/resource/Princess_Friederike_Luise_of_Prussia	http://dbpedia.org/resource/Frederick_William_I_of_Prussia
210	of Henry VII of England	http://dbpedia.org/ontology/parent	http://dbpedia.org/resource/Arthur,_Prince_of_Wales	http://dbpedia.org/resource/Henry_VII_of_England
211	Svetlana Iosifovna Alliluyeva (Russian: Светла́на Ио́сифовна Аллилу́ева, Georgian: სვეტლანა იოსებინა ალილუევა; 28 February 1926 – 22 November 2011), later known as Lana Peters (born Svetlana Iosifovna Stalina, Russian: Светла́на Ио́сифовна Сталина, Georgian: სვეტლანა იოსებინა სტალინა), was the youngest child and only daughter of Soviet Premier Joseph Stalin	http://dbpedia.org/ontology/parent	http://dbpedia.org/resource/Svetlana_Alliluyeva	http://dbpedia.org/resource/Joseph_Stalin
212	Marie-Anne de France (16 November 1664 in Louvre – 26 December 1664 in Louvre) - the third child and second daughter of Louis XIV of France	http://dbpedia.org/ontology/parent	http://dbpedia.org/resource/Princess_Marie_Anne_of_France	http://dbpedia.org/resource/Louis_XIV_of_France
213	Ish-bosheth (אִֽישְׁבֹּ֫שֶׁת; Standard: Ishbóshet; Tiberian: ʼÎšbṓšeṯ) also called Eshbaal (אֶשְׁבַּ֫עַל; Standard: Eshbáʻal; Tiberian: ʼEšbáʻal), Ashbaal or Ishbaal, was one of the four sons of King Saul	http://dbpedia.org/ontology/parent	http://dbpedia.org/resource/Ish-bosheth	http://dbpedia.org/resource/Saul
214	Zara Anne Elizabeth Tindall MBE (née Phillips; born 15 May 1981) is a British equestrian and the second child and only daughter of Anne, Princess Royal	http://dbpedia.org/ontology/parent	http://dbpedia.org/resource/Zara_Phillips	http://dbpedia.org/resource/Anne,_Princess_Royal
215	of Geoffrey II, Duke of Brittany and Constance, Duchess of Brittany	http://dbpedia.org/ontology/parent	http://dbpedia.org/resource/Arthur_I,_Duke_of_Brittany	http://dbpedia.org/resource/Constance,_Duchess_of_Brittany
216	Alexander Charles Vasa (4 November 1614 – 19 November 1634), Polish: Aleksander Karol Waza, was the fifth son of King Sigismund III Vasa and his wife Constance of Austria	http://dbpedia.org/ontology/parent	http://dbpedia.org/resource/Alexander_Charles_Vasa	http://dbpedia.org/resource/Constance_of_Austria
217	Emily FitzGerald, Duchess of Leinster (6 October 1731 – 27 March 1814), known before 1747 as Lady Emily Lennox, from 1747 to 1761 as The Countess of Kildare and from 1761 to 1766 as The Marchioness of Kildare, was the second of the famous Lennox sisters, daughters of Charles Lennox, 2nd Duke of Richmond	http://dbpedia.org/ontology/parent	http://dbpedia.org/resource/Emily_FitzGerald,_Duchess_of_Leinster	http://dbpedia.org/resource/Charles_Lennox,_2nd_Duke_of_Richmond
218	of Edinburgh and Grand Duchess Maria Alexandrovna of Russia	http://dbpedia.org/ontology/parent	http://dbpedia.org/resource/Marie_of_Romania	http://dbpedia.org/resource/Grand_Duchess_Maria_Alexandrovna_of_Russia
219	Geraldine Leigh Chaplin (born 31 July 1944) is an American-born British actress and the daughter of Charlie Chaplin and Oona O'Neill	http://dbpedia.org/ontology/parent	http://dbpedia.org/resource/Geraldine_Chaplin	http://dbpedia.org/resource/Oona_O'Neill
220	Bhatt family, she is the daughter of filmmaker Mahesh Bhatt and actress Soni Razdan	http://dbpedia.org/ontology/parent	http://dbpedia.org/resource/Alia_Bhatt	http://dbpedia.org/resource/Soni_Razdan
221	Thomas FitzAlan otherwise Arundel, 17th Earl of Arundel, 7th Baron Maltravers KG (1450 – 25 October 1524) was the son of William FitzAlan, 16th Earl of Arundel	http://dbpedia.org/ontology/parent	http://dbpedia.org/resource/Thomas_FitzAlan,_17th_Earl_of_Arundel	http://dbpedia.org/resource/William_FitzAlan,_16th_Earl_of_Arundel
222	Bhatt family, she is the daughter of filmmaker Mahesh Bhatt	http://dbpedia.org/ontology/parent	http://dbpedia.org/resource/Alia_Bhatt	http://dbpedia.org/resource/Mahesh_Bhatt
223	Matthew Pritzker (born May 28, 1982), is a member of the wealthy Pritzker family, the son of Robert Pritzker	http://dbpedia.org/ontology/parent	http://dbpedia.org/resource/Matthew_Pritzker	http://dbpedia.org/resource/Robert_Pritzker
224	of the then 22-year-old Holy Roman Emperor Charles V and Johanna Maria van der Gheynst	http://dbpedia.org/ontology/parent	http://dbpedia.org/resource/Margaret_of_Parma	http://dbpedia.org/resource/Johanna_Maria_van_der_Gheynst
225	Theda was the granddaughter and heiress of the chief Focko Ukena (died 1436) and was born in 1432 in Oldersum as the daughter of Uko Fockena	http://dbpedia.org/ontology/parent	http://dbpedia.org/resource/Theda_Ukena	http://dbpedia.org/resource/Uko_Fockena
226	Emich Kyrill, Prince of Leiningen (German:  Emich Kirill Ferdinand Hermann Fürst zu Leiningen; 18 October 1926 – 30 October 1991) was the son of Karl, Prince of Leiningen	http://dbpedia.org/ontology/parent	http://dbpedia.org/resource/Emich_Kyrill,_Prince_of_Leiningen	http://dbpedia.org/resource/Karl,_Prince_of_Leiningen
227	Whidden, he was born in the border town of St. Stephen, the eldest son of Berla Frances Whidden and Arthur D. Ganong	http://dbpedia.org/ontology/parent	http://dbpedia.org/resource/R._Whidden_Ganong	http://dbpedia.org/resource/Arthur_D._Ganong
228	Tolui, (Classic Mongolian: ᠲᠥᠯᠦᠢ Toluy, Tului, Mongolian: Тулуй хаан, Chinese: 拖雷, Tolui Khan (meaning the Khan Tolui)) (1192–1232) was the fourth son of Genghis Khan	http://dbpedia.org/ontology/parent	http://dbpedia.org/resource/Tolui	http://dbpedia.org/resource/Genghis_Khan
229	Ögedei Khan, born Ögedei (also Ogodei; Mongolian: ᠦᠭᠦᠳᠡᠢ; Chinese: 窩闊台: 7 November 1186 – 11 December 1241), was the third son of Genghis Khan	http://dbpedia.org/ontology/parent	http://dbpedia.org/resource/Ögedei_Khan	http://dbpedia.org/resource/Genghis_Khan
230	Zeitz, the eldest son of Maurice, Duke of Saxe-Zeitz	http://dbpedia.org/ontology/parent	http://dbpedia.org/resource/Moritz_Wilhelm,_Duke_of_Saxe-Zeitz	http://dbpedia.org/resource/Maurice,_Duke_of_Saxe-Zeitz
231	Kapoor and Mona Shourie Kapoor	http://dbpedia.org/ontology/parent	http://dbpedia.org/resource/Arjun_Kapoor	http://dbpedia.org/resource/Mona_Shourie_Kapoor
232	Bondarchuk and the Russian actress Inna Makarova	http://dbpedia.org/ontology/parent	http://dbpedia.org/resource/Natalya_Bondarchuk	http://dbpedia.org/resource/Inna_Makarova
233	Władysław Leon was the oldest son of Prince Adam Stanisław Sapieha	http://dbpedia.org/ontology/parent	http://dbpedia.org/resource/Władysław_Leon_Sapieha	http://dbpedia.org/resource/Adam_Stanisław_Sapieha
234	of Franz Joseph I, Prince of Liechtenstein	http://dbpedia.org/ontology/parent	http://dbpedia.org/resource/Johann_I_Joseph,_Prince_of_Liechtenstein	http://dbpedia.org/resource/Franz_Joseph_I,_Prince_of_Liechtenstein
235	Odo of Burgundy (1230 – 4 August 1266) was Count of Nevers and Auxerre and the heir of Hugh IV, Duke of Burgundy	http://dbpedia.org/ontology/parent	http://dbpedia.org/resource/Odo,_Count_of_Nevers	http://dbpedia.org/resource/Hugh_IV,_Duke_of_Burgundy
236	of thirteen children of Leopold, Duke of Lorraine	http://dbpedia.org/ontology/parent	http://dbpedia.org/resource/Princess_Anne_Charlotte_of_Lorraine	http://dbpedia.org/resource/Leopold,_Duke_of_Lorraine
237	Princess Thyra of Denmark, Danish pronunciation: [ˈtyːʁə], (29 September 1853 – 26 February 1933 in Gmunden) was the youngest daughter and fifth child of Christian IX of Denmark	http://dbpedia.org/ontology/parent	http://dbpedia.org/resource/Princess_Thyra_of_Denmark	http://dbpedia.org/resource/Christian_IX_of_Denmark
238	Joe" Buck (born April 25, 1969) is an American sportscaster and the son of sportscaster Jack Buck	http://dbpedia.org/ontology/parent	http://dbpedia.org/resource/Joe_Buck	http://dbpedia.org/resource/Jack_Buck
239	Douglas was the youngest son of actor Kirk Douglas	http://dbpedia.org/ontology/parent	http://dbpedia.org/resource/Eric_Douglas	http://dbpedia.org/resource/Kirk_Douglas
240	Staurakios or Stauracius (Greek: Σταυράκιος; died January 11, 812) was Byzantine Emperor from July 26 to October 2, 811 in succession to his father, Nikephoros I	http://dbpedia.org/ontology/parent	http://dbpedia.org/resource/Staurakios	http://dbpedia.org/resource/Nikephoros_I
241	Emanuele Filiberto of Savoy, Prince of Venice (Emanuele Filiberto Umberto Reza Ciro René Maria di Savoia; born 22 June 1972), is an Italian television personality, a member of the House of Savoy and the son and heir of Vittorio Emanuele, Prince of Naples	http://dbpedia.org/ontology/parent	http://dbpedia.org/resource/Emanuele_Filiberto_of_Savoy,_Prince_of_Venice	http://dbpedia.org/resource/Vittorio_Emanuele,_Prince_of_Naples
242	Allen and film producer Alison Owen	http://dbpedia.org/ontology/parent	http://dbpedia.org/resource/Lily_Allen	http://dbpedia.org/resource/Alison_Owen
243	of Erenfried II	http://dbpedia.org/ontology/parent	http://dbpedia.org/resource/Herman_I,_Count_Palatine_of_Lotharingia	http://dbpedia.org/resource/Erenfried_II
244	Clara Louise Kellogg was born in Sumterville, South Carolina, the daughter of Jane Elizabeth (Crosby) and George Kellogg	http://dbpedia.org/ontology/parent	http://dbpedia.org/resource/Clara_Louise_Kellogg	http://dbpedia.org/resource/George_Kellogg
245	Ngwane was born the son of Mbandzeni	http://dbpedia.org/ontology/parent	http://dbpedia.org/resource/Ngwane_V	http://dbpedia.org/resource/Mbandzeni
246	of Mas'ud III and Gawhar Khatun	http://dbpedia.org/ontology/parent	http://dbpedia.org/resource/Bahram-Shah_of_Ghazna	http://dbpedia.org/resource/Gawhar_Khatun
247	Yazakumar (Burmese: ရာဇကုမာရ် [jàza̰ kòʊɴmà]; 1078–11??) was the titular governor of north Arakan during the reign of his father King Kyansittha	http://dbpedia.org/ontology/parent	http://dbpedia.org/resource/Yazakumar	http://dbpedia.org/resource/Kyansittha
248	Mahmud Francis Namık Osmanoğlu (born 27 April 1975), also known by the Ottoman imperial name as Prince Şehzade Mahmud Francis Namık Efendi, is the only child of Prince (Şehzade) Ömer Abdülmecid Osmanoğlu	http://dbpedia.org/ontology/parent	http://dbpedia.org/resource/Mahmud_Namık_Osmanoğlu	http://dbpedia.org/resource/Ömer_Abdülmecid_Osmanoğlu
249	Ruqaiya was born a Mughal princess (Shahzadi) and was the only daughter of Mughal prince Hindal Mirza	http://dbpedia.org/ontology/parent	http://dbpedia.org/resource/Ruqaiya_Sultan_Begum	http://dbpedia.org/resource/Hindal_Mirza
250	Rudalt was count of Vannes and was the son of Alan I, King of Brittany	http://dbpedia.org/ontology/parent	http://dbpedia.org/resource/Rudalt,_Count_of_Vannes	http://dbpedia.org/resource/Alan_I,_King_of_Brittany
251	of Albert III, Margrave of Brandenburg-Salzwedel	http://dbpedia.org/ontology/parent	http://dbpedia.org/resource/Margaret_of_Brandenburg	http://dbpedia.org/resource/Albert_III,_Margrave_of_Brandenburg-Salzwedel
252	Archduke Carl Ludwig of Austria (Carl Ludwig Maria Franz Joseph Michael Gabriel Antonius Robert Stephan Pius Gregor Ignatius Markus d'Aviano; 10 March 1918 – 11 December 2007), also known as Carl Ludwig Habsburg-Lothringen was the fifth child of Charles I of Austria	http://dbpedia.org/ontology/parent	http://dbpedia.org/resource/Archduke_Carl_Ludwig_of_Austria_(1918–2007)	http://dbpedia.org/resource/Charles_I_of_Austria
253	of Edward IV of England	http://dbpedia.org/ontology/parent	http://dbpedia.org/resource/Margaret_of_York_(1472)	http://dbpedia.org/resource/Edward_IV_of_England
254	Prince Louis Charles of Prussia (German: Friedrich Ludwig Karl von Preußen) (Potsdam, 5 November 1773 – Berlin, 28 December 1796) was the second son and third child of Frederick William II of Prussia	http://dbpedia.org/ontology/parent	http://dbpedia.org/resource/Prince_Louis_Charles_of_Prussia	http://dbpedia.org/resource/Frederick_William_II_of_Prussia
255	of Frederick William II of Prussia	http://dbpedia.org/ontology/parent	http://dbpedia.org/resource/Princess_Augusta_of_Prussia	http://dbpedia.org/resource/Frederick_William_II_of_Prussia
256	Patrick Bouvier Kennedy (August 7, 1963 – August 9, 1963) was the last child of United States President John F. Kennedy	http://dbpedia.org/ontology/parent	http://dbpedia.org/resource/Patrick_Bouvier_Kennedy	http://dbpedia.org/resource/John_F._Kennedy
257	Alix of Brittany, Dame de Pontarcy, Countess of Blois (6 June 1243 – 2 August 1288), was a Breton noblewoman and a member of the House of Dreux as the eldest daughter of John I, Duke of Brittany	http://dbpedia.org/ontology/parent	http://dbpedia.org/resource/Alix_of_Brittany,_Dame_de_Pontarcy	http://dbpedia.org/resource/John_I,_Duke_of_Brittany
258	of John I, Duke of Brittany	http://dbpedia.org/ontology/parent	http://dbpedia.org/resource/Alix_of_Brittany,_Dame_de_Pontarcy	http://dbpedia.org/resource/John_I,_Duke_of_Brittany
259	Gaius Julius Caesar (20 BC – 21 February AD 4), most commonly known as Gaius Caesar or Caius Caesar, was the oldest son of Marcus Vipsanius Agrippa and Julia the Elder	http://dbpedia.org/ontology/parent	http://dbpedia.org/resource/Gaius_Caesar	http://dbpedia.org/resource/Julia_the_Elder
260	Princess Margarita Maria Beatriz of Bourbon-Parma, Countess of Colorno (Dutch: Margarita Maria Beatrix Prinses de Bourbon de Parme; born 13 October 1972), is the eldest daughter of Princess Irene of the Netherlands	http://dbpedia.org/ontology/parent	http://dbpedia.org/resource/Princess_Margarita_of_Bourbon-Parma	http://dbpedia.org/resource/Princess_Irene_of_the_Netherlands
261	Alexander Charles Vasa (4 November 1614 – 19 November 1634), Polish: Aleksander Karol Waza, was the fifth son of King Sigismund III Vasa	http://dbpedia.org/ontology/parent	http://dbpedia.org/resource/Alexander_Charles_Vasa	http://dbpedia.org/resource/Sigismund_III_Vasa
262	Langley and daughter of James M. Gudger, Jr.	http://dbpedia.org/ontology/parent	http://dbpedia.org/resource/Katherine_G._Langley	http://dbpedia.org/resource/James_M._Gudger,_Jr.
263	Frederick was the eldest son of Philip Joseph, Prince of Salm-Kyrburg	http://dbpedia.org/ontology/parent	http://dbpedia.org/resource/Frederick_III,_Prince_of_Salm-Kyrburg	http://dbpedia.org/resource/Philip_Joseph,_Prince_of_Salm-Kyrburg
264	Marie of Lusignan or Marie I de Lusignan (born c. 1223 in Melle; died in Poitou, 1 October 1260; buried at the Abbey of Foucarmont), was the only child of Raoul II of Lusignan	http://dbpedia.org/ontology/parent	http://dbpedia.org/resource/Marie,_Countess_of_Eu	http://dbpedia.org/resource/Raoul_II_of_Lusignan
265	of King Vakhtang VI of Kartli	http://dbpedia.org/ontology/parent	http://dbpedia.org/resource/Prince_Bakar_of_Kartli	http://dbpedia.org/resource/Vakhtang_VI_of_Kartli
266	Sudano is the daughter of super star "Disco Queen" Grammy Award winning singer Donna Summer	http://dbpedia.org/ontology/parent	http://dbpedia.org/resource/Brooklyn_Sudano	http://dbpedia.org/resource/Donna_Summer
267	Lowe, the singer-songwriter turned textile and fashion designer, and Gavin Rossdale	http://dbpedia.org/ontology/parent	http://dbpedia.org/resource/Daisy_Lowe	http://dbpedia.org/resource/Gavin_Rossdale
268	Maureen Elizabeth Reagan (January 4, 1941 – August 8, 2001) was the first child of Ronald Reagan and his first wife, Jane Wyman	http://dbpedia.org/ontology/parent	http://dbpedia.org/resource/Maureen_Reagan	http://dbpedia.org/resource/Jane_Wyman
269	Collins is the daughter of Andrea Bertorelli and the adopted daughter of English musician Phil Collins	http://dbpedia.org/ontology/parent	http://dbpedia.org/resource/Joely_Collins	http://dbpedia.org/resource/Phil_Collins
270	Frum is the son of Canadian journalist Barbara Frum	http://dbpedia.org/ontology/parent	http://dbpedia.org/resource/David_Frum	http://dbpedia.org/resource/Barbara_Frum
271	Ross is the son of the late mountaineer Arne Næss, Jr. and the Supremes lead singer Diana Ross	http://dbpedia.org/ontology/parent	http://dbpedia.org/resource/Evan_Ross	http://dbpedia.org/resource/Diana_Ross
272	Carl Johan Arthur Bernadotte, Count of Wisborg, KmstkNO (originally Prince Carl Johan Arthur of Sweden, Duke of Dalarna; 31 October 1916 – 5 May 2012) was the fifth and youngest child, and the fourth and youngest son, of King Gustaf VI Adolf of Sweden and his first wife Princess Margaret of Connaught	http://dbpedia.org/ontology/parent	http://dbpedia.org/resource/Carl_Johan_Bernadotte	http://dbpedia.org/resource/Princess_Margaret_of_Connaught
273	Archduke Carl Ludwig of Austria (Carl Ludwig Maria Franz Joseph Michael Gabriel Antonius Robert Stephan Pius Gregor Ignatius Markus d'Aviano; 10 March 1918 – 11 December 2007), also known as Carl Ludwig Habsburg-Lothringen was the fifth child of Charles I of Austria and Princess Zita of Bourbon-Parma	http://dbpedia.org/ontology/parent	http://dbpedia.org/resource/Archduke_Carl_Ludwig_of_Austria_(1918–2007)	http://dbpedia.org/resource/Zita_of_Bourbon-Parma
274	Belshazzar (/bɛlˈʃæzər/; Biblical Hebrew בלשאצר; Akkadian: Bēl-šarra-uṣur; Greek: Balthazar, from Akkadian, meaning "Protect His Life"; or, possibly, "[May] Bel Protect the King";) was Coregent of Babylon, governing the country after his father, King Nabonidus	http://dbpedia.org/ontology/parent	http://dbpedia.org/resource/Belshazzar	http://dbpedia.org/resource/Nabonidus
275	Lin Liguo (Chinese: 林立果, 1945 - September 13, 1971) was the son of the Chinese Communist military leader Lin Biao	http://dbpedia.org/ontology/parent	http://dbpedia.org/resource/Lin_Liguo	http://dbpedia.org/resource/Lin_Biao
276	Infante Juan of Spain, Count of Barcelona (Don Juan Carlos Teresa Silverio Alfonso de Borbón y Battenberg; 20 June 1913 – 1 April 1993), was the third surviving son and designated heir of King Alfonso XIII of Spain and Victoria Eugenie of Battenberg	http://dbpedia.org/ontology/parent	http://dbpedia.org/resource/Infante_Juan,_Count_of_Barcelona	http://dbpedia.org/resource/Victoria_Eugenie_of_Battenberg
277	Lady Marina Charlotte Alexandra Katharine Helen Windsor (born 30 September 1992 in Cambridge) is the elder daughter of George Windsor, Earl of St Andrews	http://dbpedia.org/ontology/parent	http://dbpedia.org/resource/Lady_Marina_Charlotte_Windsor	http://dbpedia.org/resource/George_Windsor,_Earl_of_St_Andrews
278	Ngwane was born the son of Mbandzeni and his mother Labotsibeni Mdluli	http://dbpedia.org/ontology/parent	http://dbpedia.org/resource/Ngwane_V	http://dbpedia.org/resource/Labotsibeni_Mdluli
279	Prince Louis Charles of Prussia (German: Friedrich Ludwig Karl von Preußen) (Potsdam, 5 November 1773 – Berlin, 28 December 1796) was the second son and third child of Frederick William II of Prussia and Frederika Louisa of Hesse-Darmstadt	http://dbpedia.org/ontology/parent	http://dbpedia.org/resource/Prince_Louis_Charles_of_Prussia	http://dbpedia.org/resource/Frederika_Louisa_of_Hesse-Darmstadt
280	of Frederick William II of Prussia and Frederika Louisa of Hesse-Darmstadt	http://dbpedia.org/ontology/parent	http://dbpedia.org/resource/Princess_Augusta_of_Prussia	http://dbpedia.org/resource/Frederika_Louisa_of_Hesse-Darmstadt
281	Tata family, he was the son of businessman Ratanji Dadabhoy Tata	http://dbpedia.org/ontology/parent	http://dbpedia.org/resource/J._R._D._Tata	http://dbpedia.org/resource/Ratanji_Dadabhoy_Tata
282	Marquis Xie succeeded his father, Shu Yu of Tang	http://dbpedia.org/ontology/parent	http://dbpedia.org/resource/Xie,_Marquis_of_Jin	http://dbpedia.org/resource/Shu_Yu_of_Tang
283	of Arnold, Duke of Guelders	http://dbpedia.org/ontology/parent	http://dbpedia.org/resource/Adolf,_Duke_of_Guelders	http://dbpedia.org/resource/Arnold,_Duke_of_Guelders
284	Richards is the daughter of musician Bill Richards and actress Billie Mae Richards	http://dbpedia.org/ontology/parent	http://dbpedia.org/resource/Judi_Richards	http://dbpedia.org/resource/Billie_Mae_Richards
285	Fields is the daughter of actress/director Chip Fields	http://dbpedia.org/ontology/parent	http://dbpedia.org/resource/Kim_Fields	http://dbpedia.org/resource/Chip_Fields
286	of Prince Moulay Abdallah of Morocco	http://dbpedia.org/ontology/parent	http://dbpedia.org/resource/Prince_Moulay_Hicham_of_Morocco	http://dbpedia.org/resource/Prince_Moulay_Abdallah_of_Morocco
287	João, Prince of Brazil (Lisbon, 30 August 1688 - Lisbon, 17 September 1688) was the first child of Pedro II of Portugal and Maria Sophia of Neuburg	http://dbpedia.org/ontology/parent	http://dbpedia.org/resource/João,_Prince_of_Brazil	http://dbpedia.org/resource/Maria_Sophia_of_Neuburg
288	of Otto-William, Count of Burgundy (the first Count) and Ermentrude de Roucy	http://dbpedia.org/ontology/parent	http://dbpedia.org/resource/Reginald_I,_Count_of_Burgundy	http://dbpedia.org/resource/Ermentrude_de_Roucy
289	William fitz Eustace at Knaresborough Castle, Yorkshire, the son of Eustace Fitz John	http://dbpedia.org/ontology/parent	http://dbpedia.org/resource/William_de_Vesci	http://dbpedia.org/resource/Eustace_fitz_John
290	Álmos (Slovak, Croatian: Almoš; c. 1070  or 1075, – 1 September 1127 or possibly in 1129) was a Hungarian prince, the son of King Géza I of Hungary	http://dbpedia.org/ontology/parent	http://dbpedia.org/resource/Álmos_(duke)	http://dbpedia.org/resource/Géza_I_of_Hungary
291	of their father Mahmud of Ghazni	http://dbpedia.org/ontology/parent	http://dbpedia.org/resource/Mas'ud_I_of_Ghazni	http://dbpedia.org/resource/Mahmud_of_Ghazni
292	Aung San Oo has been described by the Burmese Lawyers' Council and the National Coalition Government of the Union of Burma as a potential surrogate of the junta in an attempt to humiliate Aung San Suu Kyi	http://dbpedia.org/ontology/parent	http://dbpedia.org/resource/Aung_San_Oo	http://dbpedia.org/resource/Aung_San
293	Yolande Palaiologina or Violant (Moncalvo, June 1318 – Chambery, December 24, 1342) was the daughter of Theodore I, Marquess of Montferrat	http://dbpedia.org/ontology/parent	http://dbpedia.org/resource/Yolande_Palaeologina_of_Montferrat	http://dbpedia.org/resource/Theodore_I,_Marquess_of_Montferrat
294	of Theodoric I, Count of Montbéliard	http://dbpedia.org/ontology/parent	http://dbpedia.org/resource/Reginald_I,_Count_of_Bar	http://dbpedia.org/resource/Theodoric_I,_Count_of_Montbéliard
295	Emanuel Johannes Gabriel Maria Josef, Prinz von und zu Liechtenstein (Betliar/Betlér 22 October 1908 – Grabs 18 October 1987)He was a child of Prince Johann of Liechtenstein	http://dbpedia.org/ontology/parent	http://dbpedia.org/resource/Prince_Emanuel_of_Liechtenstein_(1908–1987)	http://dbpedia.org/resource/Prince_Johann_of_Liechtenstein
296	Sudano is the daughter of super star "Disco Queen" Grammy Award winning singer Donna Summer and songwriter Bruce Sudano	http://dbpedia.org/ontology/parent	http://dbpedia.org/resource/Brooklyn_Sudano	http://dbpedia.org/resource/Bruce_Sudano
297	de Clare, 6th Earl of Hertford and Joan of Acre	http://dbpedia.org/ontology/parent	http://dbpedia.org/resource/Elizabeth_de_Clare	http://dbpedia.org/resource/Joan_of_Acre
298	Jefferson was the eldest son of Eston Hemings	http://dbpedia.org/ontology/parent	http://dbpedia.org/resource/John_Wayles_Jefferson	http://dbpedia.org/resource/Eston_Hemings
299	Sakip Sabanci had with other firms started with his father, Hacı Ömer Sabancı	http://dbpedia.org/ontology/parent	http://dbpedia.org/resource/Sakıp_Sabancı	http://dbpedia.org/resource/Hacı_Ömer_Sabancı
300	Princess Friederike Luise of Prussia (German: Friederike Luise von Preußen) (29 August 1714 – 4 February 1784) was a daughter of Frederick William I of Prussia and Sophia Dorothea of Hanover	http://dbpedia.org/ontology/parent	http://dbpedia.org/resource/Princess_Friederike_Luise_of_Prussia	http://dbpedia.org/resource/Sophia_Dorothea_of_Hanover
301	Mswati was the son of Sobhuza I	http://dbpedia.org/ontology/parent	http://dbpedia.org/resource/Mswati_II	http://dbpedia.org/resource/Sobhuza_I
302	Lin family, including Lin Biao, Ye Qun	http://dbpedia.org/ontology/parent	http://dbpedia.org/resource/Lin_Liguo	http://dbpedia.org/resource/Ye_Qun
303	Singh's youngest son, the only child of Maharani Jind Kaur	http://dbpedia.org/ontology/parent	http://dbpedia.org/resource/Duleep_Singh	http://dbpedia.org/resource/Jind_Kaur
304	Lady Marina Charlotte Alexandra Katharine Helen Windsor (born 30 September 1992 in Cambridge) is the elder daughter of George Windsor, Earl of St Andrews, and his wife Sylvana Tomaselli	http://dbpedia.org/ontology/parent	http://dbpedia.org/resource/Lady_Marina_Charlotte_Windsor	http://dbpedia.org/resource/Sylvana_Tomaselli
305	Sadnalegs (Tibetan: སད་ན་ལེགས) or Tridé Songtsen (Tibetan: ཁྲི་ལྡེ་སྲོང་བཙན, Wylie: Khri-lde-srong-btsan), was the youngest son of King Trisong Detsen	http://dbpedia.org/ontology/parent	http://dbpedia.org/resource/Sadnalegs	http://dbpedia.org/resource/Trisong_Detsen
306	of Victor Amadeus, Prince of Anhalt-Bernburg	http://dbpedia.org/ontology/parent	http://dbpedia.org/resource/Lebrecht,_Prince_of_Anhalt-Zeitz-Hoym	http://dbpedia.org/resource/Victor_Amadeus,_Prince_of_Anhalt-Bernburg
307	of Geoffrey II, Duke of Brittany	http://dbpedia.org/ontology/parent	http://dbpedia.org/resource/Arthur_I,_Duke_of_Brittany	http://dbpedia.org/resource/Geoffrey_II,_Duke_of_Brittany
308	of John George I, Elector of Saxony	http://dbpedia.org/ontology/parent	http://dbpedia.org/resource/Augustus,_Duke_of_Saxe-Weissenfels	http://dbpedia.org/resource/John_George_I,_Elector_of_Saxony
309	Princess Margarita Maria Beatriz of Bourbon-Parma, Countess of Colorno (Dutch: Margarita Maria Beatrix Prinses de Bourbon de Parme; born 13 October 1972), is the eldest daughter of Princess Irene of the Netherlands and Carlos Hugo, Duke of Parma	http://dbpedia.org/ontology/parent	http://dbpedia.org/resource/Princess_Margarita_of_Bourbon-Parma	http://dbpedia.org/resource/Carlos_Hugo,_Duke_of_Parma
310	of Francis I, Duke of Lorraine and Christina of Denmark	http://dbpedia.org/ontology/parent	http://dbpedia.org/resource/Dorothea_of_Lorraine	http://dbpedia.org/resource/Christina_of_Denmark
311	Jeremy I was king of the Miskito nation, who came to power following the death of his father, Oldman	http://dbpedia.org/ontology/parent	http://dbpedia.org/resource/Jeremy_I	http://dbpedia.org/resource/Oldman
312	Tolui, (Classic Mongolian: ᠲᠥᠯᠦᠢ Toluy, Tului, Mongolian: Тулуй хаан, Chinese: 拖雷, Tolui Khan (meaning the Khan Tolui)) (1192–1232) was the fourth son of Genghis Khan by his chief khatun Börte	http://dbpedia.org/ontology/parent	http://dbpedia.org/resource/Tolui	http://dbpedia.org/resource/Börte
313	Lothair I and Ermengarde of Tours	http://dbpedia.org/ontology/parent	http://dbpedia.org/resource/Lothair_II	http://dbpedia.org/resource/Ermengarde_of_Tours
314	of duke Theodore Eustace, Count Palatine of Sulzbach	http://dbpedia.org/ontology/parent	http://dbpedia.org/resource/John_Christian,_Count_Palatine_of_Sulzbach	http://dbpedia.org/resource/Theodore_Eustace,_Count_Palatine_of_Sulzbach
315	Weimar, the eldest child and only daughter of William Ernest, Grand Duke of Saxe-Weimar-Eisenach	http://dbpedia.org/ontology/parent	http://dbpedia.org/resource/Princess_Sophie_of_Saxe-Weimar-Eisenach_(1911–1988)	http://dbpedia.org/resource/William_Ernest,_Grand_Duke_of_Saxe-Weimar-Eisenach
316	of thirteen children of Leopold, Duke of Lorraine, and his spouse Élisabeth Charlotte d'Orléans	http://dbpedia.org/ontology/parent	http://dbpedia.org/resource/Princess_Anne_Charlotte_of_Lorraine	http://dbpedia.org/resource/Élisabeth_Charlotte_d'Orléans
317	the fourth and youngest son of Duke Jan I of Żagań	http://dbpedia.org/ontology/parent	http://dbpedia.org/resource/Jan_II_the_Mad	http://dbpedia.org/resource/Jan_I_of_Żagań
318	Jeanne d'Évreux (1310 – 4 March 1371) was the third wife of King Charles IV of France, daughter of his uncle Louis d'Évreux and Margaret of Artois	http://dbpedia.org/ontology/parent	http://dbpedia.org/resource/Jeanne_d'Évreux	http://dbpedia.org/resource/Margaret_of_Artois
319	Lander and Kathy Fields	http://dbpedia.org/ontology/parent	http://dbpedia.org/resource/Natalie_Lander	http://dbpedia.org/resource/Kathy_Fields
320	Peter Vincent Douglas (born November 23, 1955) is an American television and film producer, a son of actor Kirk Douglas and his second wife, the German American producer Anne Buydens	http://dbpedia.org/ontology/parent	http://dbpedia.org/resource/Peter_Douglas	http://dbpedia.org/resource/Anne_Buydens
321	Douglas was the youngest son of actor Kirk Douglas and his second wife Anne Buydens	http://dbpedia.org/ontology/parent	http://dbpedia.org/resource/Eric_Douglas	http://dbpedia.org/resource/Anne_Buydens
322	Pragmalji II, GCSI (1839−1875) (reign: 1860-1875) was the Rao of Princely State of Cutch, a ruler of Jadeja dynasty who ascended the throne upon death of his father & king Rao Deshalji II	http://dbpedia.org/ontology/parent	http://dbpedia.org/resource/Pragmalji_II	http://dbpedia.org/resource/Deshalji_II
323	Elizabeth Hastings, she was the daughter of Theophilus Hastings, 9th Earl of Huntingdon	http://dbpedia.org/ontology/parent	http://dbpedia.org/resource/Elizabeth_Rawdon,_Countess_of_Moira	http://dbpedia.org/resource/Theophilus_Hastings,_9th_Earl_of_Huntingdon
324	Flanders and activist Claudia Cockburn	http://dbpedia.org/ontology/parent	http://dbpedia.org/resource/Stephanie_Flanders	http://dbpedia.org/resource/Claudia_Cockburn
325	Massie, winner of the 1981 Pulitzer Prize for biography; and Suzanne Massie	http://dbpedia.org/ontology/parent	http://dbpedia.org/resource/Bob_Massie_(politician)	http://dbpedia.org/resource/Suzanne_Massie
326	Rawer's brother was Prince	http://dbpedia.org/ontology/parent	http://dbpedia.org/resource/Rawer	http://dbpedia.org/resource/Prince
327	Paul and Jan Crouch	http://dbpedia.org/ontology/parent	http://dbpedia.org/resource/Paul_Crouch_Jr.	http://dbpedia.org/resource/Jan_Crouch
328	of Johann Georg, Duke of Saxe-Weissenfels	http://dbpedia.org/ontology/parent	http://dbpedia.org/resource/Johanna_Magdalene_of_Saxe-Weissenfels	http://dbpedia.org/resource/Johann_Georg,_Duke_of_Saxe-Weissenfels
329	Sidharth Bharathan	http://dbpedia.org/ontology/parent	http://dbpedia.org/resource/Sidharth_Bharathan	http://dbpedia.org/resource/Bharathan
330	of Richard II, Duke of Normandy (972–1026) and Judith of Brittany	http://dbpedia.org/ontology/parent	http://dbpedia.org/resource/Alice_of_Normandy	http://dbpedia.org/resource/Judith_of_Brittany
331	Preston Crayford was born in Wellington to film maker Gaylene Preston	http://dbpedia.org/ontology/parent	http://dbpedia.org/resource/Chelsie_Preston_Crayford	http://dbpedia.org/resource/Gaylene_Preston
332	Helena, or Elin as she was also called, was the daughter of King Sverker I of Sweden	http://dbpedia.org/ontology/parent	http://dbpedia.org/resource/Helena_of_Sweden	http://dbpedia.org/resource/Sverker_I_of_Sweden
333	Valentina Visconti (died 1393) was a noblewoman, the daughter of Bernabò Visconti and his wife Beatrice Regina della Scala	http://dbpedia.org/ontology/parent	http://dbpedia.org/resource/Valentina_Visconti,_Queen_of_Cyprus	http://dbpedia.org/resource/Beatrice_Regina_della_Scala
334	Kim was the son of late fellow TV producer/writer/director Bob Weiskopf	http://dbpedia.org/ontology/parent	http://dbpedia.org/resource/Kim_Weiskopf	http://dbpedia.org/resource/Bob_Weiskopf
335	Fernández de Velasco was the son of Juan Sancho de Tovar, 1st Marquis of Berlanga	http://dbpedia.org/ontology/parent	http://dbpedia.org/resource/Íñigo_Fernández_de_Velasco,_4th_Duke_of_Frías	http://dbpedia.org/resource/Juan_Sancho_de_Tovar,_1st_Marquis_of_Berlanga
336	Tovar was the second son of Íñigo Fernández de Velasco, 2nd Duke of Frías	http://dbpedia.org/ontology/parent	http://dbpedia.org/resource/Juan_Sancho_de_Tovar,_1st_Marquis_of_Berlanga	http://dbpedia.org/resource/Íñigo_Fernández_de_Velasco,_2nd_Duke_of_Frías
337	Francisco de Paula de Borbón y Castellví (Spanish: Don Francisco de Paula Maria Trinidad Enrique Gabriel Miguel Rafael Edmundo Buenaventura de Borbón y Castellví; 29 March 1853 – 28 March 1942) was a younger son of the controversial Infante Enrique, Duke of Seville	http://dbpedia.org/ontology/parent	http://dbpedia.org/resource/Francisco_de_Paula_de_Borbón_y_Castellví	http://dbpedia.org/resource/Infante_Enrique,_Duke_of_Seville
338	Naif bin Abdullah el-Hashim (14 November 1914 in Ta'if – 12 October 1983 in Amman) was the youngest son of King Abdullah I of Jordan	http://dbpedia.org/ontology/parent	http://dbpedia.org/resource/Prince_Naif_bin_Al-Abdullah	http://dbpedia.org/resource/Abdullah_I_of_Jordan
339	Princess Louise Sophie of Schleswig-Holstein-Sonderburg-Augustenburg (German: Feodora Luise Sophie Adelheid Henriette Amalie; 8 April 1866 - 28 April 1952) was a daughter of Frederick VIII, Duke of Schleswig-Holstein	http://dbpedia.org/ontology/parent	http://dbpedia.org/resource/Princess_Louise_Sophie_of_Schleswig-Holstein-Sonderburg-Augustenburg	http://dbpedia.org/resource/Frederick_VIII,_Duke_of_Schleswig-Holstein
340	Yasser Abbas (born 1962/1963) is a multi-millionaire Palestinian-Canadian businessman, and the son of Palestinian Authority President Mahmoud Abbas	http://dbpedia.org/ontology/parent	http://dbpedia.org/resource/Yasser_Abbas	http://dbpedia.org/resource/Mahmoud_Abbas
341	Mstislav I Vladimirovich the Great (Russian: Мстислав Владимирович Великий, Ukrainian: Мстислав Володимирович Великий, Belarusian: Мсціслаў Уладзіміравіч Вялікі) (June 1, 1076, Turov – April 14, 1132, Kiev) was the Grand Prince of Kiev (1125–1132), the eldest son of Vladimir II Monomakh	http://dbpedia.org/ontology/parent	http://dbpedia.org/resource/Mstislav_I_of_Kiev	http://dbpedia.org/resource/Vladimir_II_Monomakh
342	of Duke Bolko II of Opole	http://dbpedia.org/ontology/parent	http://dbpedia.org/resource/Henry_of_Opole	http://dbpedia.org/resource/Bolko_II_of_Opole
343	Bonne of Armagnac (19 February 1399 – 1430/35) was the eldest daughter of Bernard VII, Count of Armagnac and constable of France, and of Bonne of Berry	http://dbpedia.org/ontology/parent	http://dbpedia.org/resource/Bonne_of_Armagnac	http://dbpedia.org/resource/Bonne_of_Berry
344	of Frederick III, Duke of Holstein-Gottorp and Duchess Marie Elisabeth of Saxony	http://dbpedia.org/ontology/parent	http://dbpedia.org/resource/Sophie_Augusta_of_Holstein-Gottorp	http://dbpedia.org/resource/Duchess_Marie_Elisabeth_of_Saxony
345	Juliana FitzMaurice, Lady of Thomond (12 Apr 1266 - 29 Sep 1300) was a Norman-Irish noblewoman, the daughter of Maurice FitzGerald, 3rd Lord of Offaly	http://dbpedia.org/ontology/parent	http://dbpedia.org/resource/Juliana_FitzGerald,_Lady_of_Thomond	http://dbpedia.org/resource/Maurice_FitzGerald,_3rd_Lord_of_Offaly
346	of either William VI, Duke of Aquitaine	http://dbpedia.org/ontology/parent	http://dbpedia.org/resource/Agnes,_wife_of_Ramiro_I_of_Aragon	http://dbpedia.org/resource/William_VI,_Duke_of_Aquitaine
347	Lucy Beall Candler Owens Heinz Leide (April 11, 1883 – 3 September 1962) was the only daughter of The Coca-Cola Company co-founder Asa Griggs Candler	http://dbpedia.org/ontology/parent	http://dbpedia.org/resource/Lucy_Beall_Candler_Owens_Heinz_Leide	http://dbpedia.org/resource/Asa_Griggs_Candler
348	Elizabeth Southwell (née Cromwell), called Lady Cromwell (1674–1709) was an English noblewoman, the only daughter of Vere Essex Cromwell, 4th Earl of Ardglass	http://dbpedia.org/ontology/parent	http://dbpedia.org/resource/Elizabeth_Southwell	http://dbpedia.org/resource/Vere_Essex_Cromwell,_4th_Earl_of_Ardglass
349	Gao Changgong was the grandson of Gao Huan and the fourth son of Gao Cheng	http://dbpedia.org/ontology/parent	http://dbpedia.org/resource/Gao_Changgong	http://dbpedia.org/resource/Gao_Cheng
350	Maud of Normandy (died 1006) was the daughter of Richard the Fearless and Gunnora	http://dbpedia.org/ontology/parent	http://dbpedia.org/resource/Maud_of_Normandy	http://dbpedia.org/resource/Gunnora
351	Aung Thet Mann's father is Shwe Mann	http://dbpedia.org/ontology/parent	http://dbpedia.org/resource/Aung_Thet_Mann	http://dbpedia.org/resource/Shwe_Mann
352	Toe Naing Mann's father is Shwe Mann	http://dbpedia.org/ontology/parent	http://dbpedia.org/resource/Toe_Naing_Mann	http://dbpedia.org/resource/Shwe_Mann
353	Elisabeth of Cleves was the daughter of Adolph I, Duke of Cleves and Marie of Burgundy, Duchess of Cleves	http://dbpedia.org/ontology/parent	http://dbpedia.org/resource/Elisabeth_of_Cleves,_Countess_of_Schwarzburg-Blankenburg	http://dbpedia.org/resource/Marie_of_Burgundy,_Duchess_of_Cleves
354	of ten surviving children of King Frederick William I of Prussia	http://dbpedia.org/ontology/parent	http://dbpedia.org/resource/Anna_Amalia,_Abbess_of_Quedlinburg	http://dbpedia.org/resource/Frederick_William_I_of_Prussia
355	Infanta Adelgundes, Duchess of Guimarães (10 November 1858 – 15 April 1946) was the fifth child and fourth daughter of Miguel of Portugal and his wife Adelaide of Löwenstein-Wertheim-Rosenberg	http://dbpedia.org/ontology/parent	http://dbpedia.org/resource/Infanta_Adelgundes,_Duchess_of_Guimarães	http://dbpedia.org/resource/Adelaide_of_Löwenstein-Wertheim-Rosenberg
356	Infanta Maria das Neves of Portugal (Portuguese: Maria das Neves Isabel Eulália Carlota Adelaide Micaela Gabriela Rafaela Gonzaga de Paula de Assis Inès Sofia Romana, Infanta de Portugal) (5 August 1852 – 15 February 1941) was the eldest child and daughter of exiled Miguel of Portugal and his wife Adelaide of Löwenstein-Wertheim-Rosenberg	http://dbpedia.org/ontology/parent	http://dbpedia.org/resource/Infanta_Maria_das_Neves_of_Portugal	http://dbpedia.org/resource/Adelaide_of_Löwenstein-Wertheim-Rosenberg
357	Beale was a son of Edith Ewing Bouvier Beale	http://dbpedia.org/ontology/parent	http://dbpedia.org/resource/Phelan_Beale,_Jr.	http://dbpedia.org/resource/Edith_Ewing_Bouvier_Beale
358	Timmy Hung or Hung Tin-ming (born 1 July 1974) is a Hong Kong actor and the eldest son of martial arts superstar Sammo Hung	http://dbpedia.org/ontology/parent	http://dbpedia.org/resource/Timmy_Hung	http://dbpedia.org/resource/Sammo_Hung
359	Doud Dwight "Icky" Eisenhower (September 24, 1917 – January 2, 1921) was the first son of Dwight D. Eisenhower and Mamie Eisenhower	http://dbpedia.org/ontology/parent	http://dbpedia.org/resource/Doud_Eisenhower	http://dbpedia.org/resource/Mamie_Eisenhower
360	Ingerid Swensdatter was the daughter of King Sweyn II of Denmark	http://dbpedia.org/ontology/parent	http://dbpedia.org/resource/Ingerid_of_Denmark	http://dbpedia.org/resource/Sweyn_II_of_Denmark
361	Sigrid Svendsdatter (died after 1066) was a Danish princess, the illegitimate daughter of King Sweyn II of Denmark	http://dbpedia.org/ontology/parent	http://dbpedia.org/resource/Sigrid_Svendsdatter	http://dbpedia.org/resource/Sweyn_II_of_Denmark
362	Agnes Haakonsdatter (Old Norse: Agnes Hákonardottir; 1290–1319) was an illegitimate daughter of King Haakon V of Norway	http://dbpedia.org/ontology/parent	http://dbpedia.org/resource/Agnes_Haakonsdatter	http://dbpedia.org/resource/Haakon_V_of_Norway
363	Katarina Konstantinović (Serbian Cyrillic; Катарина Константиновић; 1848–1910) was a Serbian noblewoman and a descendant of the Obrenović dynasty as the daughter of Princess Anka Obrenović	http://dbpedia.org/ontology/parent	http://dbpedia.org/resource/Katarina_Konstantinović	http://dbpedia.org/resource/Princess_Anka_Obrenović
364	Ida de Grey or Edith de Grey (1368 – 1 June 1426), was a Cambro-Norman noblewoman, and the daughter of Reginald Grey, 2nd Baron Grey de Ruthyn	http://dbpedia.org/ontology/parent	http://dbpedia.org/resource/Ida_de_Grey	http://dbpedia.org/resource/Reginald_Grey,_2nd_Baron_Grey_de_Ruthyn
365	Hetepheres was the daughter of King Sneferu	http://dbpedia.org/ontology/parent	http://dbpedia.org/resource/Princess_Hetepheres	http://dbpedia.org/resource/Sneferu
366	Ingeborg of Mecklenburg (1343/45 – 25 July 1395) was a daughter of Albert II, Duke of Mecklenburg and his wife, Euphemia of Sweden	http://dbpedia.org/ontology/parent	http://dbpedia.org/resource/Ingeborg_of_Mecklenburg-Schwerin	http://dbpedia.org/resource/Euphemia_of_Sweden
367	Princess Louise Sophie of Schleswig-Holstein-Sonderburg-Augustenburg (German: Feodora Luise Sophie Adelheid Henriette Amalie; 8 April 1866 - 28 April 1952) was a daughter of Frederick VIII, Duke of Schleswig-Holstein and Princess Adelheid of Hohenlohe-Langenburg	http://dbpedia.org/ontology/parent	http://dbpedia.org/resource/Princess_Louise_Sophie_of_Schleswig-Holstein-Sonderburg-Augustenburg	http://dbpedia.org/resource/Princess_Adelheid_of_Hohenlohe-Langenburg
368	Beatrice Regina was born in Verona in 1331, the youngest child and only daughter of Mastino II della Scala	http://dbpedia.org/ontology/parent	http://dbpedia.org/resource/Beatrice_Regina_della_Scala	http://dbpedia.org/resource/Mastino_II_della_Scala
369	of either William VI, Duke of Aquitaine or William VII, Duke of Aquitaine	http://dbpedia.org/ontology/parent	http://dbpedia.org/resource/Agnes,_wife_of_Ramiro_I_of_Aragon	http://dbpedia.org/resource/William_VII,_Duke_of_Aquitaine
370	Mstislav I Vladimirovich the Great (Russian: Мстислав Владимирович Великий, Ukrainian: Мстислав Володимирович Великий, Belarusian: Мсціслаў Уладзіміравіч Вялікі) (June 1, 1076, Turov – April 14, 1132, Kiev) was the Grand Prince of Kiev (1125–1132), the eldest son of Vladimir II Monomakh by Gytha of Wessex	http://dbpedia.org/ontology/parent	http://dbpedia.org/resource/Mstislav_I_of_Kiev	http://dbpedia.org/resource/Gytha_of_Wessex
371	Duchess Frederica of Württemberg (German: Friederike Elisabeth Amalie Auguste von Württemberg; 27 July 1765 – 24 November 1785) was a daughter of Frederick II Eugene, Duke of Württemberg	http://dbpedia.org/ontology/parent	http://dbpedia.org/resource/Duchess_Frederica_of_Württemberg	http://dbpedia.org/resource/Frederick_II_Eugene,_Duke_of_Württemberg
372	Rashid bin Mohammed bin Rashid Al Maktoum (Arabic: الشيخ راشد بن محمد آل مكتوم‎‎, styled HH Sheikh Rashid; 12 November 1981 – 19 September 2015) was the eldest son of United Arab Emirates Vice President, Prime Minister and ruler of Dubai Sheikh Mohammed bin Rashid Al Maktoum and Sheikha Hind bint Maktoum bin Juma Al Maktoum	http://dbpedia.org/ontology/parent	http://dbpedia.org/resource/Rashid_bin_Mohammed_Al_Maktoum	http://dbpedia.org/resource/Hind_bint_Maktoum_bin_Juma_Al_Maktoum
373	Matilda of Flanders (1170 – 16 October 1210) was the younger daughter of Marie I, Countess of Boulogne	http://dbpedia.org/ontology/parent	http://dbpedia.org/resource/Matilda_of_Boulogne,_Duchess_of_Brabant	http://dbpedia.org/resource/Marie_I,_Countess_of_Boulogne
374	Barberini, Francesco Barberini and Antonio Barberini	http://dbpedia.org/ontology/parent	http://dbpedia.org/resource/Carlo_Barberini_(1562–1630)	http://dbpedia.org/resource/Antonio_Barberini
375	Abdullah bin Hamad bin Isa Al Khalifa (born 30 June 1975) is the second son of the present King of Bahrain, Hamad ibn Isa Al Khalifah and his first wife, Sabika bint Ibrahim Al Khalifa	http://dbpedia.org/ontology/parent	http://dbpedia.org/resource/Abdullah_bin_Hamad_bin_Isa_Al_Khalifa	http://dbpedia.org/resource/Sabika_bint_Ibrahim_Al_Khalifa
376	Agnes of Rochlitz (died 1195) came from the Wettin family and was daughter of Dedi III, Margrave of Lusatia	http://dbpedia.org/ontology/parent	http://dbpedia.org/resource/Agnes_of_Rochlitz	http://dbpedia.org/resource/Dedi_III,_Margrave_of_Lusatia
377	Sibyl inherited the titles and lands of her father, Bernard de Neufmarché	http://dbpedia.org/ontology/parent	http://dbpedia.org/resource/Sibyl_de_Neufmarché	http://dbpedia.org/resource/Bernard_de_Neufmarché
378	Prince Heinrich VIII Reuss of Köstritz (German: Heinrich VIII Prinz Reuß zu Köstritz; born 30 August 1944) is a son of Prince Heinrich I Reuss of Köstritz	http://dbpedia.org/ontology/parent	http://dbpedia.org/resource/Prince_Heinrich_VIII_Reuss_of_Köstritz	http://dbpedia.org/resource/Prince_Heinrich_I_Reuss_of_Köstritz
379	of Hugh IV, Count of Rethel	http://dbpedia.org/ontology/parent	http://dbpedia.org/resource/Joan,_Countess_of_Rethel	http://dbpedia.org/resource/Hugh_IV,_Count_of_Rethel
380	Countess Adelaide of Lippe-Biesterfeld (22 June 1870 - 3 September 1948) was the eldest child of Ernest II, Count of Lippe-Biesterfeld and Countess Karoline of Wartensleben	http://dbpedia.org/ontology/parent	http://dbpedia.org/resource/Countess_Adelaide_of_Lippe-Biesterfeld	http://dbpedia.org/resource/Karoline_of_Wartensleben
381	Zulkarnaen and veteran indonesian actress Mieke Wijaya	http://dbpedia.org/ontology/parent	http://dbpedia.org/resource/Nia_Zulkarnaen	http://dbpedia.org/resource/Mieke_Wijaya
382	Haasan family, she is the daughter of actor Kamal Haasan	http://dbpedia.org/ontology/parent	http://dbpedia.org/resource/Shruti_Haasan	http://dbpedia.org/resource/Kamal_Haasan
383	Prince Alexander Ferdinand of Prussia (Alexander Ferdinand Albrecht Achilles Wilhelm Joseph Viktor Karl Feodor; 26 December 1912 - 12 June 1985) was the only son of Prince August Wilhelm of Prussia and his wife Princess Alexandra Victoria of Schleswig-Holstein-Sonderburg-Glücksburg	http://dbpedia.org/ontology/parent	http://dbpedia.org/resource/Prince_Alexander_Ferdinand_of_Prussia	http://dbpedia.org/resource/Princess_Alexandra_Victoria_of_Schleswig-Holstein-Sonderburg-Glücksburg
384	of Johann Georg, Duke of Saxe-Weissenfels and Fredericka Elisabeth of Saxe-Eisenach	http://dbpedia.org/ontology/parent	http://dbpedia.org/resource/Johanna_Magdalene_of_Saxe-Weissenfels	http://dbpedia.org/resource/Fredericka_Elisabeth_of_Saxe-Eisenach
385	Francisco Téllez-Girón was the 7th son of Pedro Téllez-Girón, 9th Duke of Osuna	http://dbpedia.org/ontology/parent	http://dbpedia.org/resource/Francisco_Téllez-Girón,_10th_Duke_de_Osuna	http://dbpedia.org/resource/Pedro_Téllez-Girón,_9th_Duke_of_Osuna
386	of Albert I, Duke of Bavaria and his first wife Margaret of Brieg	http://dbpedia.org/ontology/parent	http://dbpedia.org/resource/Joanna_Sophia_of_Bavaria	http://dbpedia.org/resource/Margaret_of_Brieg
387	Heung and his current wife Tiffany Chen	http://dbpedia.org/ontology/parent	http://dbpedia.org/resource/Jacky_Heung	http://dbpedia.org/resource/Tiffany_Chen
388	II of Nassau-Saarbrücken (4 April 1423 in Saarbrücken – 15 July 1472 in Vehingen) was a son of Philipp I of Nassau-Weilburg and Elisabeth of Lorraine-Vaudémont	http://dbpedia.org/ontology/parent	http://dbpedia.org/resource/Johann_II_of_Nassau-Saarbrücken	http://dbpedia.org/resource/Elisabeth_of_Lorraine-Vaudémont
389	Duke Alexander Petrovich of Oldenburg (2 June 1844 - 6 September 1932) was the second son of Duke Peter Georgievich of Oldenburg and his wife Princess Therese of Nassau-Weilburg	http://dbpedia.org/ontology/parent	http://dbpedia.org/resource/Duke_Alexander_Petrovich_of_Oldenburg	http://dbpedia.org/resource/Princess_Therese_of_Nassau-Weilburg
390	Charles was the eldest son of Honoré I (1522–1581) and Isabella Grimaldi	http://dbpedia.org/ontology/parent	http://dbpedia.org/resource/Charles_II,_Lord_of_Monaco	http://dbpedia.org/resource/Isabella_Grimaldi
391	Ercole was the youngest of four sons of Honoré I (1522–1581) and Isabella Grimaldi	http://dbpedia.org/ontology/parent	http://dbpedia.org/resource/Ercole,_Lord_of_Monaco	http://dbpedia.org/resource/Isabella_Grimaldi
392	of Catherine de Rohan and Jean I of Albret	http://dbpedia.org/ontology/parent	http://dbpedia.org/resource/Alain_I_of_Albret	http://dbpedia.org/resource/Jean_I_of_Albret
393	Juana Núñez de Lara (1286–1351) was a daughter of Juan Núñez de Lara the Fat and his wife Teresa Díaz II de Haro	http://dbpedia.org/ontology/parent	http://dbpedia.org/resource/Juana_Núñez_de_Lara	http://dbpedia.org/resource/Teresa_Díaz_II_de_Haro
